"原任务","原名称","核查判定","已有内容","剔除重复开发","剩余内容","V3处理","承接编号","源码依据","其他本地分支"
"CW-001","固定代码与迁移发布基线","准备或条件判断","已固定 bffc341 应用源、bf6aab8 文档输入；本轮快照47个本地分支、546项源文件及76个迁移，唯一head078。","重复做未指定边界的全仓摸底；已有Git与迁移基线生成能力。","将其他本地分支的保留补丁整合到正式候选，冻结候选SHA、变更来源、回滚点及责任；本轮快照只代表审计输入。","准备与决策","CW-001","[outputs/customer-cloud-convergence-analysis-2026-09-08/v3/baseline.json:1](/Users/honor.pei/Documents/订单项目/乡墅爆款短视频复刻-客户版收敛分析/outputs/customer-cloud-convergence-analysis-2026-09-08/v3/baseline.json:1)；[server/migrations/versions/078_viral_module_launch.py:1](/Users/honor.pei/Documents/订单项目/乡墅爆款短视频复刻-客户版收敛分析/server/migrations/versions/078_viral_module_launch.py:1)","。"
"CW-002","冻结产品、平台和业务范围","准备或条件判断","客户桌面+后端、全环境PG已由用户确认，现有工作台模块可从源码枚举。","数据库类型、双产品是否收敛、是否重写已有业务的重复选型。","仅冻结支持OS、游客门禁、发布管理现有边界、跨任务公平范围及条件项；映射真实角色UAT。","准备与决策","CW-002","[docs/PostgreSQL唯一数据库实施与验收规范.md:7](/Users/honor.pei/Documents/订单项目/乡墅爆款短视频复刻-客户版收敛分析/docs/PostgreSQL唯一数据库实施与验收规范.md:7)；[client/src/studio/types.ts:1](/Users/honor.pei/Documents/订单项目/乡墅爆款短视频复刻-客户版收敛分析/client/src/studio/types.ts:1)","。"
"CW-003","盘点已发客户端和接口兼容窗口","准备或条件判断","当前客户Tauri配置、API类型和凭据命名空间已有代码。","重新设计客户API或凭据存储。","盘点实际发出的旧版本与哈希；冻结API/安装身份兼容窗口和退出判断；仓库不能证明实际分发数量。","准备与决策","CW-003","[client/src-tauri/tauri.customer.conf.json:1](/Users/honor.pei/Documents/订单项目/乡墅爆款短视频复刻-客户版收敛分析/client/src-tauri/tauri.customer.conf.json:1)；[client/src-tauri/src/customer_credentials.rs:1](/Users/honor.pei/Documents/订单项目/乡墅爆款短视频复刻-客户版收敛分析/client/src-tauri/src/customer_credentials.rs:1)","。"
"CW-004","冻结部署主线与可量化运行指标","准备或条件判断","PG16 fixture、CI数据库服务、HA/运维部署说明已有基础。","从零建设PG16测试容器及重复编写抽象部署方案。","确认真实环境的交付主线、PG版本/角色/连接池总预算、节点资源、负载及RTO/RPO/灰度数值。","准备与决策","CW-004","[scripts/pg-fixture.sh:4](/Users/honor.pei/Documents/订单项目/乡墅爆款短视频复刻-客户版收敛分析/scripts/pg-fixture.sh:4)；[.github/workflows/ci.yml:47](/Users/honor.pei/Documents/订单项目/乡墅爆款短视频复刻-客户版收敛分析/.github/workflows/ci.yml:47)；[docs/客户版部署与灰度手册.md:3](/Users/honor.pei/Documents/订单项目/乡墅爆款短视频复刻-客户版收敛分析/docs/客户版部署与灰度手册.md:3)","。"
"CW-005","选择全部采用 PG 的历史数据处理路线","准备或条件判断","已有SQLite→空PG导入及PG账務核对工具，A/B/C定义已确定。","重复选择PG或重复实现空库导入器。","真实数据批次只读盘点、价值/owner归属与A/B/C路线签认；不能默认无内部数据。","准备与决策","CW-005","[server/scripts/sqlite_to_postgres.py:1](/Users/honor.pei/Documents/订单项目/乡墅爆款短视频复刻-客户版收敛分析/server/scripts/sqlite_to_postgres.py:1)；[server/scripts/reconcile_customer_billing.py:1](/Users/honor.pei/Documents/订单项目/乡墅爆款短视频复刻-客户版收敛分析/server/scripts/reconcile_customer_billing.py:1)","。"
"CW-006","登记实施任务、文件映射和验收责任","准备或条件判断","V2已将60项写入唯一账本§17，已有文件映射§14、12组PG规范和证据记录；原基线“尚未写入状态账本”已过时。","重新登记同一批60个空任务及重建规范文件；本轮V3映射同步可直接复用。","在去重后的条目领取时落实具体Owner/Reviewer、候选/数据/兼容决议及授权记录；随实际增量更新文件映射。","取消独立排程并合并","所有保留任务的通用完工要求","[docs/客户版任务清单-V3.md:382](/Users/honor.pei/Documents/订单项目/乡墅爆款短视频复刻-客户版收敛分析/docs/客户版任务清单-V3.md:382)；[docs/客户版代码开发清单-V3.md:428](/Users/honor.pei/Documents/订单项目/乡墅爆款短视频复刻-客户版收敛分析/docs/客户版代码开发清单-V3.md:428)；[docs/PostgreSQL唯一数据库实施与验收规范.md:1](/Users/honor.pei/Documents/订单项目/乡墅爆款短视频复刻-客户版收敛分析/docs/PostgreSQL唯一数据库实施与验收规范.md:1)","。"
"CW-053","登记全量数据库依赖与历史 SQLite 例外","准备或条件判断","已有数据库门面/调用地图与12组PG合同；本轮补充按文件词法信号清单。","重复扫描同一关键词并将文件数当覆盖结论。","逐函数/fixture/业务表细分实际连接、类型引用、迁移和TEST分类；精确历史allowlist及责任/退役条件；形成可逐项核销表。","准备与决策","CW-053","[outputs/customer-cloud-convergence-analysis-2026-09-08/v3/audit/database-signals.json:1](/Users/honor.pei/Documents/订单项目/乡墅爆款短视频复刻-客户版收敛分析/outputs/customer-cloud-convergence-analysis-2026-09-08/v3/audit/database-signals.json:1)；[docs/PostgreSQL唯一数据库实施与验收规范.md:23](/Users/honor.pei/Documents/订单项目/乡墅爆款短视频复刻-客户版收敛分析/docs/PostgreSQL唯一数据库实施与验收规范.md:23)","。"
"CW-007","建立全业务 PostgreSQL 测试基座与缺库硬门","已有基础，仍有增量","已有PG16 Docker fixture、CI PG服务、PG测试建库与客户种子；不需从零建PG支持。","重写容器/PG驱动和已有客户种子场景。","统一测试资源命名/清理边界与PG preflight；移除当前业务缺PG skip和开发身份默认；补连续两次/中断/并发隔离验证。","代码与测试增量","CW-007","[scripts/pg-fixture.sh:4](/Users/honor.pei/Documents/订单项目/乡墅爆款短视频复刻-客户版收敛分析/scripts/pg-fixture.sh:4)；[server/tests/conftest.py:8](/Users/honor.pei/Documents/订单项目/乡墅爆款短视频复刻-客户版收敛分析/server/tests/conftest.py:8)；[server/tests/test_postgres_migrations.py:142](/Users/honor.pei/Documents/订单项目/乡墅爆款短视频复刻-客户版收敛分析/server/tests/test_postgres_migrations.py:142)","。"
"CW-008","锁定真实客户界面回归及钱包失败用例","已有基础，仍有增量","RootApp 与 CustomerWorkspace 测试已经真实挂载 StudioWorkspace；已覆盖 Tauri 根入口、客户激活/被替换终态、凭据附着后业务读取、设备配对及审批；CustomerWalletPanel/RechargeDialog 有独立组件用例。仅 App.test.tsx 为旧壳兼容而替换 Studio。","剔除重新建设真实客户挂载基座、重复编写既有激活/配对/设备列表冒烟和钱包组件基本用例；复用现有 stub、凭据 store 与组件测试。","补齐从真实客户壳点击使用记录及个人中心钱包两个入口的生产形状响应测试，锁定 customerAccount 未传成 customerWallet 导致旧钱包路径的失败；补退出、恢复契约和界面身份切换必要缺口。","取消独立排程并合并","CW-012、CW-013、CW-015、CW-016、CW-017、CW-018","[client/src/RootApp.test.tsx:111](/Users/honor.pei/Documents/订单项目/乡墅爆款短视频复刻-客户版收敛分析/client/src/RootApp.test.tsx:111)；[client/src/customer/CustomerWorkspace.test.tsx:216](/Users/honor.pei/Documents/订单项目/乡墅爆款短视频复刻-客户版收敛分析/client/src/customer/CustomerWorkspace.test.tsx:216)；[client/src/App.test.tsx:17](/Users/honor.pei/Documents/订单项目/乡墅爆款短视频复刻-客户版收敛分析/client/src/App.test.tsx:17)；[client/src/studio/LiveWorkspacePanel.test.tsx:30](/Users/honor.pei/Documents/订单项目/乡墅爆款短视频复刻-客户版收敛分析/client/src/studio/LiveWorkspacePanel.test.tsx:30)；[client/src/customer/CustomerWalletPanel.test.tsx:70](/Users/honor.pei/Documents/订单项目/乡墅爆款短视频复刻-客户版收敛分析/client/src/customer/CustomerWalletPanel.test.tsx:70)","{""branch"": ""fix/frontend-completion-no-confirmation-20260907"", ""commit"": ""cdfb4991a5d52bd83937c08227fbd5ac8aa25493"", ""path"": ""client/src/customer/CustomerWorkspace.tsx"", ""line"": 314, ""why"": ""候选已经提供 onLogout 接线，可带对应测试整合，非当前已完成"", ""count_as_current_completion"": false}。"
"CW-009","锁定身份、权限及事务 fencing 不变量","已有基础，仍有增量","客户会话 verifier 已在真实 PostgreSQL 事务中按 user/device/session/epoch/lease 重验，并把业务写和提交证据放在同一外层事务；已有 fencing、安全、管理员 session/CSRF/auditor、生产配置 fail-closed 等专项测试。","真实支付/Provider/COS 链路属于 CW-050；类生产全角色验收属于 CW-047—049；密钥扫描只能作为补充证据，不能替代本项安全行为矩阵。","把 V3 §6 的每条安全要求映射到保留 method-path；当前各套测试尚不是一张 0 漏项矩阵；TEST-PG 缺库必须失败；当前 fencing/security fixture 会 pytest.skip；补齐日志、Sentry、CSV、dump、LocalStorage 全介质明文泄漏行为断言及支付回调独立鉴权映射。","代码与测试增量","CW-009","[server/app/customer_fence.py:181](/Users/honor.pei/Documents/订单项目/乡墅爆款短视频复刻-客户版收敛分析/server/app/customer_fence.py:181)；[server/tests/test_customer_fencing.py:99](/Users/honor.pei/Documents/订单项目/乡墅爆款短视频复刻-客户版收敛分析/server/tests/test_customer_fencing.py:99)；[server/tests/test_customer_security.py:402](/Users/honor.pei/Documents/订单项目/乡墅爆款短视频复刻-客户版收敛分析/server/tests/test_customer_security.py:402)；[server/tests/test_admin_auth.py:976](/Users/honor.pei/Documents/订单项目/乡墅爆款短视频复刻-客户版收敛分析/server/tests/test_admin_auth.py:976)","。"
"CW-010","锁定账务与各类异步任务恢复基线","已有基础，仍有增量","H3 崩溃恢复与客户公平队列已有真实 PG、多 Worker、租约、双领和释放专项；钱包 RESERVE/SETTLE/RELEASE 和口播等类别已有大量行为测试，但主要仍以 tmp_path SQLite 建库。","真实付费 Provider 调用属于 CW-050；本项允许受控 Provider 替身；容量规模与类生产拓扑属于 CW-047。","将钱包、口播、图片、分析/改写/ASR、独立生成逐类迁为 TEST-PG 独立多连接基线；不能以 H3 覆盖替代；补齐每类提交、领取、崩溃、超时、SUBMISSION_UNCERTAIN、回写及状态/账务差额断言；缺 PG 必须非零失败且 0 skip。","代码与测试增量","CW-010","[server/tests/test_worker_crash_recovery.py:283](/Users/honor.pei/Documents/订单项目/乡墅爆款短视频复刻-客户版收敛分析/server/tests/test_worker_crash_recovery.py:283)；[server/tests/test_customer_queue_fairness.py:369](/Users/honor.pei/Documents/订单项目/乡墅爆款短视频复刻-客户版收敛分析/server/tests/test_customer_queue_fairness.py:369)；[server/tests/test_wallet_billing_service.py:76](/Users/honor.pei/Documents/订单项目/乡墅爆款短视频复刻-客户版收敛分析/server/tests/test_wallet_billing_service.py:76)","{""branch"": ""codex/pr95-hardening-20260908"", ""commit"": ""e06806b142e5366d9f7c3c56ff268fc44998a027"", ""path"": ""server/tests/test_oral_domain.py"", ""line"": 1, ""why"": ""该分支新增口播/克隆幂等回归，但未整合且整体分支含大量客户端改动，不能计入基线。"", ""not_baseline"": true, ""baseline_equivalent_present"": false}。"
"CW-011","锁定唯一客户构建和安装升级契约","已有基础，仍有增量","已有客户专用无 sidecar 构建合同、HTTPS origin 拒绝矩阵、identifier/窗口/resources/version 校验；CI 解包检查启动器并记录 SHA；原生下载已有 Rust/前端合同。","复用 scripts/require_customer_api_base.mjs、customer no-sidecar 合同、版本/identifier 断言、CI 解包和哈希记录基础，不重复编写等价工具。","将保护双发行目标的旧断言改成唯一客户默认目标；补 RootApp 静态图排除内部/管理代码、全部本地后端载荷排除、运行时缺地址失败及凭据命名空间/旧版本升级保护合同。","取消独立排程并合并","CW-015、CW-019、CW-020、CW-021、CW-022、CW-023、CW-024、CW-046","[server/tests/test_customer_ha_smoke.py:600](/Users/honor.pei/Documents/订单项目/乡墅爆款短视频复刻-客户版收敛分析/server/tests/test_customer_ha_smoke.py:600)；[server/tests/test_customer_ha_smoke.py:703](/Users/honor.pei/Documents/订单项目/乡墅爆款短视频复刻-客户版收敛分析/server/tests/test_customer_ha_smoke.py:703)；[scripts/require_customer_api_base.mjs:44](/Users/honor.pei/Documents/订单项目/乡墅爆款短视频复刻-客户版收敛分析/scripts/require_customer_api_base.mjs:44)；[server/tests/test_build_contracts.py:105](/Users/honor.pei/Documents/订单项目/乡墅爆款短视频复刻-客户版收敛分析/server/tests/test_build_contracts.py:105)；[.github/workflows/ci.yml:207](/Users/honor.pei/Documents/订单项目/乡墅爆款短视频复刻-客户版收敛分析/.github/workflows/ci.yml:207)","。"
"CW-012","解除客户工作台对旧入口的类型依赖","目标结构尚缺","上下文类型和映射函数已有实现，但仍置于 App/RootApp；客户工作台仍反向导入 customerToCurrentUser。","保留既有上下文字段与 customerToCurrentUser 的 owner/role/display-name 映射行为，剔除从零设计新数据模型。","执行类型与映射的归属迁移，消除 Studio/LiveWorkspacePanel 对 App 的类型依赖和 CustomerWorkspace 对 RootApp 的运行时反向依赖；登记目的文件并校验图。","代码与测试增量","CW-012","[client/src/studio/StudioWorkspace.tsx:9](/Users/honor.pei/Documents/订单项目/乡墅爆款短视频复刻-客户版收敛分析/client/src/studio/StudioWorkspace.tsx:9)；[client/src/studio/LiveWorkspacePanel.tsx:3](/Users/honor.pei/Documents/订单项目/乡墅爆款短视频复刻-客户版收敛分析/client/src/studio/LiveWorkspacePanel.tsx:3)；[client/src/customer/CustomerWorkspace.tsx:16](/Users/honor.pei/Documents/订单项目/乡墅爆款短视频复刻-客户版收敛分析/client/src/customer/CustomerWorkspace.tsx:16)；[client/src/RootApp.tsx:205](/Users/honor.pei/Documents/订单项目/乡墅爆款短视频复刻-客户版收敛分析/client/src/RootApp.tsx:205)","{""branch"": ""fix/frontend-completion-no-confirmation-20260907"", ""commit"": ""cdfb4991a5d52bd83937c08227fbd5ac8aa25493"", ""path"": ""client/src/customer/CustomerWorkspace.tsx"", ""line"": 304, ""why"": ""候选仍使用 RootApp 映射，不能当成类型拆分完成"", ""count_as_current_completion"": false}。"
"CW-013","统一客户入口与路由恢复","已有基础，仍有增量","Tauri 所有路径及 /customer、/customer/* 已进入客户状态机；激活、登录、冲突、失效、撤销和配对返回壳已有实现与测试；Studio 已监听 hash 路由。","剔除重新实现整套客户状态机与配对壳，复用既有 RootApp/CustomerPairingFlow/customer-state。","普通浏览器根路径仍进入内部 App，/admin 同构建；收敛正式客户入口，补刷新/后退/深链接/历史 hash 与配对返回矩阵，并交接独立管理入口。","代码与测试增量","CW-013","[client/src/RootApp.tsx:33](/Users/honor.pei/Documents/订单项目/乡墅爆款短视频复刻-客户版收敛分析/client/src/RootApp.tsx:33)；[client/src/RootApp.tsx:42](/Users/honor.pei/Documents/订单项目/乡墅爆款短视频复刻-客户版收敛分析/client/src/RootApp.tsx:42)；[client/src/RootApp.tsx:64](/Users/honor.pei/Documents/订单项目/乡墅爆款短视频复刻-客户版收敛分析/client/src/RootApp.tsx:64)；[client/src/studio/StudioWorkspace.tsx:884](/Users/honor.pei/Documents/订单项目/乡墅爆款短视频复刻-客户版收敛分析/client/src/studio/StudioWorkspace.tsx:884)；[client/src/RootApp.test.tsx:133](/Users/honor.pei/Documents/订单项目/乡墅爆款短视频复刻-客户版收敛分析/client/src/RootApp.test.tsx:133)","{""branch"": ""fix/frontend-completion-no-confirmation-20260907"", ""commit"": ""cdfb4991a5d52bd83937c08227fbd5ac8aa25493"", ""path"": ""client/src/RootApp.tsx"", ""line"": 139, ""why"": ""候选增量只有 onLogout，根路由收敛未做"", ""count_as_current_completion"": false}。"
"CW-014","落实游客浏览与点击激活的交互规则","准备或条件判断","当前客户采用整屏激活；客户成功建立身份后才挂载工作台。公开游客壳及目标动作续接未实现；DEV ReviewWorkspace 不等同正式游客产品。","不把 DEV review 示例壳当成已实现游客模式；CW-002 不启用游客时，本项登记 N/A，不再开发。","先依据 CW-002 冻结是否保留游客浏览；仅在启用时新增公开壳、统一私有动作门禁、取消留页和一次续接，并覆盖自动保存/轮询/上传及多入口。","条件实施与验收","CW-014","[client/src/RootApp.tsx:18](/Users/honor.pei/Documents/订单项目/乡墅爆款短视频复刻-客户版收敛分析/client/src/RootApp.tsx:18)；[client/src/RootApp.tsx:96](/Users/honor.pei/Documents/订单项目/乡墅爆款短视频复刻-客户版收敛分析/client/src/RootApp.tsx:96)；[client/src/RootApp.tsx:135](/Users/honor.pei/Documents/订单项目/乡墅爆款短视频复刻-客户版收敛分析/client/src/RootApp.tsx:135)；[client/src/customer/CustomerWorkspace.tsx:230](/Users/honor.pei/Documents/订单项目/乡墅爆款短视频复刻-客户版收敛分析/client/src/customer/CustomerWorkspace.tsx:230)","。"
"CW-015","统一客户 API 地址、凭据和错误恢复","已有基础，仍有增量","已有客户凭据桥且使用 Symbol owner 防止旧组件卸载清掉新 session；客户 API 已有状态码分类/生命周期事件/Retry-After；管理侧已有 Cookie/CSRF、写幂等；对象下载 credentials:omit，上传只同 API origin 加业务身份。","剔除重做客户 transport、owner 清理、管理 CSRF 和对象不携凭据基础；复用现有相关专项。","移除 workspaceAccessToken 内部 token 优先、正式客户 loopback fallback 与开发身份路径，接入唯一地址来源；按客户构建验证缺地址、断网、过期/替换/429及敏感制品。","代码与测试增量","CW-015","[client/src/api.ts:35](/Users/honor.pei/Documents/订单项目/乡墅爆款短视频复刻-客户版收敛分析/client/src/api.ts:35)；[client/src/api.ts:1211](/Users/honor.pei/Documents/订单项目/乡墅爆款短视频复刻-客户版收敛分析/client/src/api.ts:1211)；[client/src/api.ts:1227](/Users/honor.pei/Documents/订单项目/乡墅爆款短视频复刻-客户版收敛分析/client/src/api.ts:1227)；[client/src/api.ts:4586](/Users/honor.pei/Documents/订单项目/乡墅爆款短视频复刻-客户版收敛分析/client/src/api.ts:4586)；[client/src/api.ts:2098](/Users/honor.pei/Documents/订单项目/乡墅爆款短视频复刻-客户版收敛分析/client/src/api.ts:2098)；[client/src/api.admin.ts:55](/Users/honor.pei/Documents/订单项目/乡墅爆款短视频复刻-客户版收敛分析/client/src/api.admin.ts:55)；[client/src/api.test.ts:2061](/Users/honor.pei/Documents/订单项目/乡墅爆款短视频复刻-客户版收敛分析/client/src/api.test.ts:2061)","{""branch"": ""fix/frontend-completion-no-confirmation-20260907"", ""commit"": ""cdfb4991a5d52bd83937c08227fbd5ac8aa25493"", ""path"": ""client/src/customer/useCustomerSession.ts"", ""line"": 163, ""why"": ""候选有心跳代次/迟到结果保护，复用到 CW-017，不需另建心跳层"", ""count_as_current_completion"": false}。"
"CW-016","修复客户钱包两个入口与充值接线","已有基础，仍有增量","CustomerWalletPanel、CustomerRechargeDialog、客户钱包/流水/充值/订单状态 API 与后台客户旧充值写拒绝均已实现；LiveWorkspacePanel 已可在收到 customerWallet 时渲染客户钱包，在 customerAccount 存在时渲染客户资料充值。","剔除从零重做客户钱包面板、二维码充值对话框、客户充值后端与订单查询关闭轮询。","CustomerWorkspace 只传 customerAccount，钱包分支却仅判断 customerWallet，使用记录和个人中心使用记录均落旧 WalletPanel；统一上下文并补两入口真实挂载测试，保留客户费率与后端旧写拒绝。","代码与测试增量","CW-016","[client/src/customer/CustomerWorkspace.tsx:233](/Users/honor.pei/Documents/订单项目/乡墅爆款短视频复刻-客户版收敛分析/client/src/customer/CustomerWorkspace.tsx:233)；[client/src/studio/LiveWorkspacePanel.tsx:145](/Users/honor.pei/Documents/订单项目/乡墅爆款短视频复刻-客户版收敛分析/client/src/studio/LiveWorkspacePanel.tsx:145)；[client/src/studio/MainPages.tsx:1395](/Users/honor.pei/Documents/订单项目/乡墅爆款短视频复刻-客户版收敛分析/client/src/studio/MainPages.tsx:1395)；[client/src/api.ts:1231](/Users/honor.pei/Documents/订单项目/乡墅爆款短视频复刻-客户版收敛分析/client/src/api.ts:1231)；[server/app/wallet_routes.py:79](/Users/honor.pei/Documents/订单项目/乡墅爆款短视频复刻-客户版收敛分析/server/app/wallet_routes.py:79)；[server/app/recharge_routes.py:283](/Users/honor.pei/Documents/订单项目/乡墅爆款短视频复刻-客户版收敛分析/server/app/recharge_routes.py:283)；[client/src/customer/CustomerWalletPanel.test.tsx:160](/Users/honor.pei/Documents/订单项目/乡墅爆款短视频复刻-客户版收敛分析/client/src/customer/CustomerWalletPanel.test.tsx:160)","{""branch"": ""fix/frontend-completion-no-confirmation-20260907"", ""commit"": ""cdfb4991a5d52bd83937c08227fbd5ac8aa25493"", ""path"": ""client/src/studio/LiveWorkspacePanel.tsx"", ""line"": 145, ""why"": ""候选仍只用 customerWallet 判钱包分支；不能将候选账号摘要等同两入口修复"", ""count_as_current_completion"": false}。"
"CW-017","整合客户会话、资料和主动退出","已有基础，仍有增量","当前已有 activate/login/conflict/switch/heartbeat/过期替换撤销状态、原生/内存 store、hook 内 server logout 和资料/设备 API。现有客户壳没有传入 logout，个人中心余额仍占位。","剔除重建客户认证状态机、设备列表/配对基本 UI、资料 API 与 hook logout endpoint；整合本地候选的 onLogout 接线、资料/余额摘要与迟到心跳保护。","整合候选后补退出网络/凭据存储失败可见结果、迟到退出不污染新 session、清理事件矩阵；修正空激活码自动恢复的前端代码/测试，与后端完整激活码+原设备指纹恢复合同一致；复验两设备/第三设备及稳定身份。","代码与测试增量","CW-017","[client/src/customer/useCustomerSession.ts:166](/Users/honor.pei/Documents/订单项目/乡墅爆款短视频复刻-客户版收敛分析/client/src/customer/useCustomerSession.ts:166)；[client/src/RootApp.tsx:139](/Users/honor.pei/Documents/订单项目/乡墅爆款短视频复刻-客户版收敛分析/client/src/RootApp.tsx:139)；[client/src/customer/useCustomerSession.ts:556](/Users/honor.pei/Documents/订单项目/乡墅爆款短视频复刻-客户版收敛分析/client/src/customer/useCustomerSession.ts:556)；[client/src/customer/useCustomerSession.ts:322](/Users/honor.pei/Documents/订单项目/乡墅爆款短视频复刻-客户版收敛分析/client/src/customer/useCustomerSession.ts:322)；[client/src/studio/MainPages.tsx:1387](/Users/honor.pei/Documents/订单项目/乡墅爆款短视频复刻-客户版收敛分析/client/src/studio/MainPages.tsx:1387)；[client/src/customer/useCustomerSession.test.tsx:144](/Users/honor.pei/Documents/订单项目/乡墅爆款短视频复刻-客户版收敛分析/client/src/customer/useCustomerSession.test.tsx:144)；[client/src/api.ts:4922](/Users/honor.pei/Documents/订单项目/乡墅爆款短视频复刻-客户版收敛分析/client/src/api.ts:4922)；[server/app/activation_code_routes.py:561](/Users/honor.pei/Documents/订单项目/乡墅爆款短视频复刻-客户版收敛分析/server/app/activation_code_routes.py:561)","{""branch"": ""fix/frontend-completion-no-confirmation-20260907"", ""commit"": ""cdfb4991a5d52bd83937c08227fbd5ac8aa25493"", ""path"": ""client/src/RootApp.tsx"", ""line"": 143, ""why"": ""onLogout 已接线"", ""count_as_current_completion"": false}；{""branch"": ""fix/frontend-completion-no-confirmation-20260907"", ""commit"": ""cdfb4991a5d52bd83937c08227fbd5ac8aa25493"", ""path"": ""client/src/customer/CustomerWorkspace.tsx"", ""line"": 314, ""why"": ""传递 logout/profile reload"", ""count_as_current_completion"": false}；{""branch"": ""fix/frontend-completion-no-confirmation-20260907"", ""commit"": ""cdfb4991a5d52bd83937c08227fbd5ac8aa25493"", ""path"": ""client/src/customer/useCustomerSession.ts"", ""line"": 594, ""why"": ""候选新增退出并发去重但仍吞掉失败"", ""count_as_current_completion"": false}；{""branch"": ""fix/frontend-completion-no-confirmation-20260907"", ""commit"": ""cdfb4991a5d52bd83937c08227fbd5ac8aa25493"", ""path"": ""client/src/studio/MainPages.tsx"", ""line"": 1856, ""why"": ""真实余额摘要与重试可复用"", ""count_as_current_completion"": false}。"
"CW-018","保留客户业务页面并修正云端交互","已有基础，仍有增量","Studio 已有项目复刻、独立视频、口播、人物、文案、素材、爆款、任务、统计、资料路由；live.ts 接真实项目/人物/任务/云草稿/素材 API；共享旧业务组件有大量专项，发布未接入目前明确提示。","剔除重新开发 F01–F12 页面壳、共享项目/人物/分镜/首帧/任务组件和已接业务 API；先复用候选针对分页、来源流转、预览、文案/IP、角色竞态等补丁。","按 F01–F12 复验真实客户场景与关联链；修正 API 仍提示检查本地服务的云端错误；将当前未接视频链接解析、口播音频上传、分页/刷新/迟到请求等范围逐条与本地候选对照，只整合确认有效差额；发布功能继续诚实未接通。","代码与测试增量","CW-018","[client/src/studio/StudioWorkspace.tsx:1741](/Users/honor.pei/Documents/订单项目/乡墅爆款短视频复刻-客户版收敛分析/client/src/studio/StudioWorkspace.tsx:1741)；[client/src/studio/live.ts:793](/Users/honor.pei/Documents/订单项目/乡墅爆款短视频复刻-客户版收敛分析/client/src/studio/live.ts:793)；[client/src/studio/live.ts:968](/Users/honor.pei/Documents/订单项目/乡墅爆款短视频复刻-客户版收敛分析/client/src/studio/live.ts:968)；[client/src/studio/LiveWorkspacePanel.tsx:100](/Users/honor.pei/Documents/订单项目/乡墅爆款短视频复刻-客户版收敛分析/client/src/studio/LiveWorkspacePanel.tsx:100)；[client/src/studio/MainPages.tsx:288](/Users/honor.pei/Documents/订单项目/乡墅爆款短视频复刻-客户版收敛分析/client/src/studio/MainPages.tsx:288)；[client/src/studio/CreationPages.tsx:2862](/Users/honor.pei/Documents/订单项目/乡墅爆款短视频复刻-客户版收敛分析/client/src/studio/CreationPages.tsx:2862)；[client/src/api.ts:2450](/Users/honor.pei/Documents/订单项目/乡墅爆款短视频复刻-客户版收敛分析/client/src/api.ts:2450)；[client/src/studio/MainPages.tsx:1303](/Users/honor.pei/Documents/订单项目/乡墅爆款短视频复刻-客户版收敛分析/client/src/studio/MainPages.tsx:1303)","{""branch"": ""fix/frontend-completion-no-confirmation-20260907"", ""commit"": ""cdfb4991a5d52bd83937c08227fbd5ac8aa25493"", ""path"": ""client/src/studio/MainPages.tsx"", ""line"": 1222, ""why"": ""候选任务详情按后端 ID 恢复与 user 保护可复用"", ""count_as_current_completion"": false}；{""branch"": ""fix/frontend-completion-no-confirmation-20260907"", ""commit"": ""cdfb4991a5d52bd83937c08227fbd5ac8aa25493"", ""path"": ""client/src/studio/StudioWorkspace.tsx"", ""line"": 258, ""why"": ""候选汇集多项前端修补；整合前需 CW-001 文件/提交选择，不得整支当基线完成"", ""count_as_current_completion"": false}。"
"CW-019","分离客户与管理员前端构建制品","目标结构尚缺","客户/内部/管理 React 页面本身都有实现，但当前 main 仅一个 RootApp，RootApp 静态 import AdminApp 与 App，Vite 没有客户/管理独立入口输出。","剔除重新实现管理页面或客户工作台；保留现成 AdminApp、公共组件和 API 类型。","在已登记路径实施客户/管理独立入口与构建输出；客户生产依赖图彻底排除内部/管理代码而非懒加载隐藏；管理静态资源随服务器部署。","代码与测试增量","CW-019","[client/src/main.tsx:4](/Users/honor.pei/Documents/订单项目/乡墅爆款短视频复刻-客户版收敛分析/client/src/main.tsx:4)；[client/src/RootApp.tsx:2](/Users/honor.pei/Documents/订单项目/乡墅爆款短视频复刻-客户版收敛分析/client/src/RootApp.tsx:2)；[client/src/RootApp.tsx:3](/Users/honor.pei/Documents/订单项目/乡墅爆款短视频复刻-客户版收敛分析/client/src/RootApp.tsx:3)；[client/vite.config.ts:33](/Users/honor.pei/Documents/订单项目/乡墅爆款短视频复刻-客户版收敛分析/client/vite.config.ts:33)；[client/package.json:7](/Users/honor.pei/Documents/订单项目/乡墅爆款短视频复刻-客户版收敛分析/client/package.json:7)","{""branch"": ""fix/frontend-completion-no-confirmation-20260907"", ""commit"": ""cdfb4991a5d52bd83937c08227fbd5ac8aa25493"", ""path"": ""client/src/RootApp.tsx"", ""line"": 139, ""why"": ""候选仍同 RootApp，仅 session logout 接线不代表产物拆分"", ""count_as_current_completion"": false}。"
"CW-020","将客户 Tauri 配置变成唯一默认","已有基础，仍有增量","tauri.customer.conf.json 已定义既有 customer identifier、窗口 /customer、HTTPS CSP、resources 空列表及安装器 hook；专用 :customer build 已启用 --no-default-features 和 origin guard。","剔除从零创建客户 Tauri 配置、identifier、窗口/HTTPS 策略和无资源 customer target；沿用既有命名空间。","把现有客户配置和命令变成唯一默认，删除内部 default feature/config 对正式发行的影响；默认 dev/build/check 统一，并联动地址失败合同和 README。","代码与测试增量","CW-020","[client/src-tauri/tauri.customer.conf.json:5](/Users/honor.pei/Documents/订单项目/乡墅爆款短视频复刻-客户版收敛分析/client/src-tauri/tauri.customer.conf.json:5)；[client/src-tauri/tauri.customer.conf.json:20](/Users/honor.pei/Documents/订单项目/乡墅爆款短视频复刻-客户版收敛分析/client/src-tauri/tauri.customer.conf.json:20)；[client/src-tauri/tauri.customer.conf.json:24](/Users/honor.pei/Documents/订单项目/乡墅爆款短视频复刻-客户版收敛分析/client/src-tauri/tauri.customer.conf.json:24)；[package.json:22](/Users/honor.pei/Documents/订单项目/乡墅爆款短视频复刻-客户版收敛分析/package.json:22)；[package.json:23](/Users/honor.pei/Documents/订单项目/乡墅爆款短视频复刻-客户版收敛分析/package.json:23)；[client/src-tauri/Cargo.toml:13](/Users/honor.pei/Documents/订单项目/乡墅爆款短视频复刻-客户版收敛分析/client/src-tauri/Cargo.toml:13)","。"
"CW-021","移除桌面本地 API/Worker 启动资源","已有基础，仍有增量","客户 --no-default-features 可编译掉 local-sidecar 启动链，客户配置 resources=[]；窗口、凭据和下载 handler 已与 local-sidecar 分开。","剔除重做无 sidecar 特性隔离与原生桥；保留既有窗口/凭据/下载实现。","源码仍有 BackendProcess、端口探测、BOOT_COMMAND、启动脚本、退出杀进程和默认 feature，需在唯一客户构建后删除并扩大制品检测；不能顺手删除旧安装数据。","代码与测试增量","CW-021","[client/src-tauri/src/lib.rs:20](/Users/honor.pei/Documents/订单项目/乡墅爆款短视频复刻-客户版收敛分析/client/src-tauri/src/lib.rs:20)；[client/src-tauri/src/lib.rs:40](/Users/honor.pei/Documents/订单项目/乡墅爆款短视频复刻-客户版收敛分析/client/src-tauri/src/lib.rs:40)；[client/src-tauri/src/lib.rs:92](/Users/honor.pei/Documents/订单项目/乡墅爆款短视频复刻-客户版收敛分析/client/src-tauri/src/lib.rs:92)；[client/src-tauri/src/lib.rs:119](/Users/honor.pei/Documents/订单项目/乡墅爆款短视频复刻-客户版收敛分析/client/src-tauri/src/lib.rs:119)；[client/src-tauri/Cargo.toml:13](/Users/honor.pei/Documents/订单项目/乡墅爆款短视频复刻-客户版收敛分析/client/src-tauri/Cargo.toml:13)；[client/src-tauri/tauri.customer.conf.json:24](/Users/honor.pei/Documents/订单项目/乡墅爆款短视频复刻-客户版收敛分析/client/src-tauri/tauri.customer.conf.json:24)","。"
"CW-022","保持客户凭据与设备身份升级兼容","已有实现，待复验","原生凭据库已经具备 Windows DPAPI 加密文件、macOS Keychain、固定 service/account、稳定 device-instance-id、Windows 注册表迁移镜像、原子同步写；clear_session 保留设备凭据，clear_all 不删除稳定 ID；各 OS 条件测试已存在。","剔除重新实现加密 vault、DPAPI entropy、Keychain service/account、Windows 注册表稳定 ID、清理基础方法和相同目录重启 roundtrip。","在 CW-020 沿用已发客户 identifier/app_data_dir 后，执行现成 OS 原生专项与受支持旧版本升级/重装/损坏/权限拒绝矩阵；核对 device_id/slot/epoch 和原密文可读，不凭函数存在当验收。前端清理故障/恢复合同差额统一由 CW-017 实现，新增支持平台差额由 CW-002 决策后登记。","复验","CW-022","[client/src-tauri/src/customer_credentials.rs:28](/Users/honor.pei/Documents/订单项目/乡墅爆款短视频复刻-客户版收敛分析/client/src-tauri/src/customer_credentials.rs:28)；[client/src-tauri/src/customer_credentials.rs:87](/Users/honor.pei/Documents/订单项目/乡墅爆款短视频复刻-客户版收敛分析/client/src-tauri/src/customer_credentials.rs:87)；[client/src-tauri/src/customer_credentials.rs:105](/Users/honor.pei/Documents/订单项目/乡墅爆款短视频复刻-客户版收敛分析/client/src-tauri/src/customer_credentials.rs:105)；[client/src-tauri/src/customer_credentials.rs:146](/Users/honor.pei/Documents/订单项目/乡墅爆款短视频复刻-客户版收敛分析/client/src-tauri/src/customer_credentials.rs:146)；[client/src-tauri/src/customer_credentials.rs:268](/Users/honor.pei/Documents/订单项目/乡墅爆款短视频复刻-客户版收敛分析/client/src-tauri/src/customer_credentials.rs:268)；[client/src-tauri/src/customer_credentials.rs:583](/Users/honor.pei/Documents/订单项目/乡墅爆款短视频复刻-客户版收敛分析/client/src-tauri/src/customer_credentials.rs:583)；[client/src-tauri/src/customer_credentials.rs:700](/Users/honor.pei/Documents/订单项目/乡墅爆款短视频复刻-客户版收敛分析/client/src-tauri/src/customer_credentials.rs:700)；[client/src-tauri/src/customer_credentials.rs:792](/Users/honor.pei/Documents/订单项目/乡墅爆款短视频复刻-客户版收敛分析/client/src-tauri/src/customer_credentials.rs:792)；[docs/evidence/T29-EVIDENCE.md:87](/Users/honor.pei/Documents/订单项目/乡墅爆款短视频复刻-客户版收敛分析/docs/evidence/T29-EVIDENCE.md:87)","。"
"CW-023","保留上传、预览及原生下载完整体验","已有基础，仍有增量","已有 XHR 上传进度/abort、签名预览、对象请求不传 Bearer、Windows 保存框/路径授权、原生完成事件与查询补偿、非空文件校验、只允许完成记录打开目录、重复目标/晚到结果隔离测试。","剔除重建上传通道、签名下载、Windows 原生保存桥、完成状态机和现成异常测试。","复验客户收敛后的上传/预览/保存完整路径；重点补实际失败/取消后残留文件处置和支持平台差额。当前原生保存/打开目录仅 Windows，已开始的写盘下载不能取消；必须在 CW-002 明确支持平台和取消范围后登记差额，不能宣称现有覆盖多 OS 或下载中取消。","代码与测试增量","CW-023","[client/src/api.ts:2404](/Users/honor.pei/Documents/订单项目/乡墅爆款短视频复刻-客户版收敛分析/client/src/api.ts:2404)；[client/src/api.ts:1946](/Users/honor.pei/Documents/订单项目/乡墅爆款短视频复刻-客户版收敛分析/client/src/api.ts:1946)；[client/src/api.ts:2022](/Users/honor.pei/Documents/订单项目/乡墅爆款短视频复刻-客户版收敛分析/client/src/api.ts:2022)；[client/src/api.ts:2098](/Users/honor.pei/Documents/订单项目/乡墅爆款短视频复刻-客户版收敛分析/client/src/api.ts:2098)；[client/src-tauri/src/video_downloads.rs:128](/Users/honor.pei/Documents/订单项目/乡墅爆款短视频复刻-客户版收敛分析/client/src-tauri/src/video_downloads.rs:128)；[client/src-tauri/src/video_downloads.rs:213](/Users/honor.pei/Documents/订单项目/乡墅爆款短视频复刻-客户版收敛分析/client/src-tauri/src/video_downloads.rs:213)；[client/src-tauri/src/video_downloads.rs:339](/Users/honor.pei/Documents/订单项目/乡墅爆款短视频复刻-客户版收敛分析/client/src-tauri/src/video_downloads.rs:339)；[client/src-tauri/src/video_downloads.rs:497](/Users/honor.pei/Documents/订单项目/乡墅爆款短视频复刻-客户版收敛分析/client/src-tauri/src/video_downloads.rs:497)；[client/src/TaskRecordsPanel.test.tsx:332](/Users/honor.pei/Documents/订单项目/乡墅爆款短视频复刻-客户版收敛分析/client/src/TaskRecordsPanel.test.tsx:332)","。"
"CW-024","建立唯一签名安装包与安全升级流程","已有基础，仍有增量","已有客户 NSIS hook：固定旧内部 per-user 路径检测、同步卸载、退出码/执行错误即 Abort；CI 会构建无签名客户包、检查启动器并归档 SHA。","剔除从零建设客户 NSIS hook、卸载失败阻断和基础 SHA/包归档；复用现成机制并修改不满足数据保护的前置行为。","当前 hook 在单一固定路径自动卸载且没有归档/迁移证明前置；补实际旧安装路径/运行进程/数据保护/回滚矩阵及唯一签名发布流程；现有 --no-sign 仅测试制品。","代码与测试增量","CW-024","[client/src-tauri/customer-installer-hooks.nsh:5](/Users/honor.pei/Documents/订单项目/乡墅爆款短视频复刻-客户版收敛分析/client/src-tauri/customer-installer-hooks.nsh:5)；[client/src-tauri/customer-installer-hooks.nsh:9](/Users/honor.pei/Documents/订单项目/乡墅爆款短视频复刻-客户版收敛分析/client/src-tauri/customer-installer-hooks.nsh:9)；[client/src-tauri/customer-installer-hooks.nsh:13](/Users/honor.pei/Documents/订单项目/乡墅爆款短视频复刻-客户版收敛分析/client/src-tauri/customer-installer-hooks.nsh:13)；[.github/workflows/ci.yml:201](/Users/honor.pei/Documents/订单项目/乡墅爆款短视频复刻-客户版收敛分析/.github/workflows/ci.yml:201)；[.github/workflows/ci.yml:233](/Users/honor.pei/Documents/订单项目/乡墅爆款短视频复刻-客户版收敛分析/.github/workflows/ci.yml:233)；[package.json:23](/Users/honor.pei/Documents/订单项目/乡墅爆款短视频复刻-客户版收敛分析/package.json:23)","。"
"CW-025","将所有环境后端固定为 PostgreSQL","已有基础，仍有增量","客户生产模式已强制 PostgreSQL、TLS，并拒绝 PG 与 DB_PATH 混配；API/Worker 均已有 PG 执行入口。","历史 SQLite 只读迁移工具与已发布 migration 由 CW-060 隔离，不作为在线运行入口；SQL/类型与事务细节分别由 CW-054/055 收口。","删除所有环境对 sqlite://、DB_PATH、自动 SQLite 建库的在线解析和 API/Worker/开发回退；让缺 DSN、SQLite URL、DB_PATH、PG 不可达、错 schema 在全部环境 fail-closed，且不生成 .db/-wal/-shm；验证桌面制品不接收 PG DSN，API 与 Worker 只连接同一登记 PG。","代码与测试增量","CW-025","[server/app/db_pg.py:122](/Users/honor.pei/Documents/订单项目/乡墅爆款短视频复刻-客户版收敛分析/server/app/db_pg.py:122)；[server/app/auth.py:40](/Users/honor.pei/Documents/订单项目/乡墅爆款短视频复刻-客户版收敛分析/server/app/auth.py:40)；[server/app/generation_worker.py:1583](/Users/honor.pei/Documents/订单项目/乡墅爆款短视频复刻-客户版收敛分析/server/app/generation_worker.py:1583)；[server/app/bootstrap.py:540](/Users/honor.pei/Documents/订单项目/乡墅爆款短视频复刻-客户版收敛分析/server/app/bootstrap.py:540)","。"
"CW-026","收敛客户读写认证并保留 fencing","已有基础，仍有增量","客户 PG 读请求可验证 customer session；写请求具备事务内 fencing 原语；客户生产已禁止 internal access token 走业务读路径。","管理员 session/CSRF 归 CW-027；旧路由最终取消注册归 CW-041。","收敛后所有环境移除 internal Bearer、X-Dev-User-Id、固定桌面身份旁路；当前非客户生产仍接受；逐个保留业务路由证明 read owner 与 write fenced transaction 覆盖，入口后切换写入 0 副作用；使幂等重放重新执行授权，不可仅返回旧结果绕过当前会话。","代码与测试增量","CW-026","[server/app/auth.py:82](/Users/honor.pei/Documents/订单项目/乡墅爆款短视频复刻-客户版收敛分析/server/app/auth.py:82)；[server/app/auth.py:115](/Users/honor.pei/Documents/订单项目/乡墅爆款短视频复刻-客户版收敛分析/server/app/auth.py:115)；[server/app/customer_fence.py:105](/Users/honor.pei/Documents/订单项目/乡墅爆款短视频复刻-客户版收敛分析/server/app/customer_fence.py:105)；[server/app/customer_fence.py:181](/Users/honor.pei/Documents/订单项目/乡墅爆款短视频复刻-客户版收敛分析/server/app/customer_fence.py:181)","。"
"CW-027","保留并隔离客户管理后台权限","已有实现，待复验","客户生产的 control 路由已转接逐管理员 session；写方法强制 AdminWriter，旧代理身份运行时拒绝；统一管理写合同已包含 confirm、reason、Idempotency-Key，并按真实 actor 记录；已有 admin session、CSRF、auditor 只读、过期/撤销与幂等专项测试。","管理网页视觉及客户端制品隔离由前端/打包任务验收；真实生产角色 UAT 在 CW-047—050；收敛前内部 P0 proxy 兼容路径的物理删除由 CW-041/042 完成。","无需预设重写后台鉴权；先按保留操作清单核验所有写路由确实使用 AdminWriter/写合同；在 TEST-PG 运行 admin/auditor/customer/无CSRF/过期session/旧proxy 全矩阵；仅在发现漏接路由时修复。","复验","CW-027","[server/app/control_auth.py:24](/Users/honor.pei/Documents/订单项目/乡墅爆款短视频复刻-客户版收敛分析/server/app/control_auth.py:24)；[server/app/control_auth.py:73](/Users/honor.pei/Documents/订单项目/乡墅爆款短视频复刻-客户版收敛分析/server/app/control_auth.py:73)；[server/app/admin_write_contract.py:77](/Users/honor.pei/Documents/订单项目/乡墅爆款短视频复刻-客户版收敛分析/server/app/admin_write_contract.py:77)；[server/tests/test_admin_auth.py:1027](/Users/honor.pei/Documents/订单项目/乡墅爆款短视频复刻-客户版收敛分析/server/tests/test_admin_auth.py:1027)","。"
"CW-028","迁移共享设置工具并审计旧路由消费者","已有基础，仍有增量","客户 wallet/recharge/settings 与 control 路由仍注册，客户合法兼容 API 尚未被误删；Provider 配置合并/测试等共享函数已有单一可运行实现。","最终取消旧路由注册由 CW-041；源文件删除由 CW-042。","control_routes 仍直接从 settings_routes 导入共享工具，尚未迁到中性现有模块；需要逐端点消费者证据、替代路径及“保留兼容/可删”冻结清单，不能按路径前缀推断；共享工具迁移后补客户和管理员合同回归。","代码与测试增量","CW-028","[server/app/control_routes.py:41](/Users/honor.pei/Documents/订单项目/乡墅爆款短视频复刻-客户版收敛分析/server/app/control_routes.py:41)；[server/app/main.py:348](/Users/honor.pei/Documents/订单项目/乡墅爆款短视频复刻-客户版收敛分析/server/app/main.py:348)；[server/app/storage.py:224](/Users/honor.pei/Documents/订单项目/乡墅爆款短视频复刻-客户版收敛分析/server/app/storage.py:224)","。"
"CW-029","保全客户钱包、扣费和支付回调","已有基础，仍有增量","钱包核心已有 RESERVE/SETTLE/RELEASE、billing_round 与幂等语义；支付回调和充值路由已有服务端入口；已有重复、释放、结算、并发余额等测试，但大部分仍依赖 SQLite。","真实 ZPay/Provider 回调验收归 CW-050；客户端显示金额不构成本项裁决证据；历史 migration 不在本项改写。","把任务结果重复/乱序、未知提交、取消、客户隐藏记录、支付回调验签与跨用户订单全部迁成 TEST-PG 多连接矩阵；对每用例核对 available+reserved+ledger 差额为0并证明历史价格快照不可被现价改写；评估并有选择地重做其他分支的成本账本/口播幂等修复，禁止整体 cherry-pick 分叉分支。","代码与测试增量","CW-029","[server/app/internal_billing.py:134](/Users/honor.pei/Documents/订单项目/乡墅爆款短视频复刻-客户版收敛分析/server/app/internal_billing.py:134)；[server/app/payment_routes.py:51](/Users/honor.pei/Documents/订单项目/乡墅爆款短视频复刻-客户版收敛分析/server/app/payment_routes.py:51)；[server/tests/test_wallet_billing_service.py:149](/Users/honor.pei/Documents/订单项目/乡墅爆款短视频复刻-客户版收敛分析/server/tests/test_wallet_billing_service.py:149)","{""branch"": ""codex/local-main-cost-billing-20260908"", ""commit"": ""e2175cb524f37038b0ce87899b3eca68140f423a"", ""path"": ""server/app/generation_worker.py"", ""line"": 1016, ""why"": ""该分支补付费调用成本账本与 migration 防护；相对 bffc341 同时有大量删除/重编号，不能算基线或整体合并。"", ""not_baseline"": true, ""baseline_equivalent_present"": false}；{""branch"": ""codex/pr3-core-fix-20260908"", ""commit"": ""b5479ca32dff66754af3cfe389602cf3df8e2fa3"", ""path"": ""server/app/generation_worker.py"", ""line"": 84, ""why"": ""该分支把视频拆解每次 Provider 调用独立记成本，尚未整合。"", ""not_baseline"": true, ""baseline_equivalent_present"": false}；{""branch"": ""codex/pr95-hardening-20260908"", ""commit"": ""e06806b142e5366d9f7c3c56ff268fc44998a027"", ""path"": ""server/app/oral.py"", ""line"": 446, ""why"": ""该分支增加口播/克隆幂等防重，尚未整合。"", ""not_baseline"": true, ""baseline_equivalent_present"": false}。"
"CW-030","逐类核验并收敛 Worker 调度和恢复","已有基础，仍有增量","PG Worker 主循环和 H3 客户公平队列、租约回收、并发双领保护已存在；同一 Worker 入口已覆盖多类任务处理函数。","是否新增跨口播完整轮转由 CW-002 决策；A1000/B100/C10 类生产负载归 CW-047。","移除 run_sqlite_worker_round、run_forever、--db-path 与所有正式可达 SQLite Worker 路径；逐类验证口播、图片、分析/文案/ASR、H3/独立的领取、租约、迟到结果、未知提交和计费/成本边界；现有公平性主要锁定 H3 队列，不能推定所有任务类型无饥饿。","代码与测试增量","CW-030","[server/app/generation_worker.py:1583](/Users/honor.pei/Documents/订单项目/乡墅爆款短视频复刻-客户版收敛分析/server/app/generation_worker.py:1583)；[server/app/generation_worker.py:1635](/Users/honor.pei/Documents/订单项目/乡墅爆款短视频复刻-客户版收敛分析/server/app/generation_worker.py:1635)；[server/app/generation_worker.py:1681](/Users/honor.pei/Documents/订单项目/乡墅爆款短视频复刻-客户版收敛分析/server/app/generation_worker.py:1681)；[server/tests/test_customer_queue_fairness.py:322](/Users/honor.pei/Documents/订单项目/乡墅爆款短视频复刻-客户版收敛分析/server/tests/test_customer_queue_fairness.py:322)","{""branch"": ""codex/pr3-core-fix-20260908"", ""commit"": ""b5479ca32dff66754af3cfe389602cf3df8e2fa3"", ""path"": ""server/app/generation_worker.py"", ""line"": 84, ""why"": ""分析 Provider 成本回写补丁可作为逐类核验参考，未整合。"", ""not_baseline"": true, ""baseline_equivalent_present"": false}；{""branch"": ""codex/pr95-hardening-20260908"", ""commit"": ""e06806b142e5366d9f7c3c56ff268fc44998a027"", ""path"": ""server/app/oral.py"", ""line"": 446, ""why"": ""口播/克隆防重复提交补丁可作为参考，未整合。"", ""not_baseline"": true, ""baseline_equivalent_present"": false}。"
"CW-031","固定云端资产存储与授权下载","已有基础，仍有增量","客户生产 readiness 已要求 active_storage_provider=cos 并做私有 bucket readiness；COS URI 解析、bucket 匹配、签名/授权能力已存在。","旧 local 资产搬迁归 CW-037；真实 COS 凭据链归 CW-050；可重建的本地临时处理中间文件可保留，但不得成为跨进程持久真源。","关闭全部正式服务本地持久存储回退；当前无 COS 时 get_media_storage 仍返回 LocalStorageAdapter；保留历史 local URI 只作为迁移期可追溯输入，禁止新写；补 API A 上传/API B或Worker读取、跨用户/撤销session、签名过期重获、COS故障不落本地的跨实例测试。","代码与测试增量","CW-031","[server/app/storage.py:21](/Users/honor.pei/Documents/订单项目/乡墅爆款短视频复刻-客户版收敛分析/server/app/storage.py:21)；[server/app/media_routes.py:147](/Users/honor.pei/Documents/订单项目/乡墅爆款短视频复刻-客户版收敛分析/server/app/media_routes.py:147)；[server/app/media_routes.py:163](/Users/honor.pei/Documents/订单项目/乡墅爆款短视频复刻-客户版收敛分析/server/app/media_routes.py:163)；[server/app/bootstrap.py:554](/Users/honor.pei/Documents/订单项目/乡墅爆款短视频复刻-客户版收敛分析/server/app/bootstrap.py:554)","。"
"CW-032","交付可重建的后端服务与安全配置","已有基础，仍有增量","已有客户环境模板、PG 单主机迁移锁、PITR 工具和可按 SHA 构建镜像的 rollout 脚本；构建阶段已检查 ffmpeg/ffprobe、Python 编译和关键模块导入。","真实多实例拓扑、容灾切换归 CW-047/048；真实密钥/Provider/COS 链归 CW-050；历史 operator 工具由 CW-060 独立交付。","rollout 依赖 /opt/video-replica-candidate/compose.yaml 等仓库外主机文件，尚非空白环境可重建的唯一默认包；仓库仍保留 internal P0 systemd 与 SQLite backup 单元，需从正式部署产物排除；补齐应用/迁移/备份角色、全进程连接池预算、首次管理员、健康检查和制品哈希的可执行验收。","代码与测试增量","CW-032","[deploy/customer-git-rollout.sh:22](/Users/honor.pei/Documents/订单项目/乡墅爆款短视频复刻-客户版收敛分析/deploy/customer-git-rollout.sh:22)；[deploy/customer-git-rollout.sh:215](/Users/honor.pei/Documents/订单项目/乡墅爆款短视频复刻-客户版收敛分析/deploy/customer-git-rollout.sh:215)；[deploy/postgres/migrate.sh:15](/Users/honor.pei/Documents/订单项目/乡墅爆款短视频复刻-客户版收敛分析/deploy/postgres/migrate.sh:15)；[server/pyproject.toml:4](/Users/honor.pei/Documents/订单项目/乡墅爆款短视频复刻-客户版收敛分析/server/pyproject.toml:4)","。"
"CW-054","统一 PostgreSQL 查询、行类型与异常契约","已有基础，仍有增量","BusinessConnection 已提供 PG 原生 %s 执行和同时支持名称/位置的 row factory；若干 SQLite-only BEGIN/PRAGMA 被 PG 门面吞掉以维持现有事务边界。","全域业务测试批量映射核销归 CW-058/059，但不能代替本项每调用者修改前的首批 PG 回归；在线 SQLite 实现最终删除归 CW-042。","Postgres executemany 当前完全 no-op；必须定义真实空批/非空批合同；清除 sqlite3.Row/Error 类型与 SQL translator/PRAGMA/BEGIN IMMEDIATE 债务，逐调用者改为 PG 原生异常和数据类型；补金额/布尔/NULL/UTC/JSON、RETURNING/rowcount、唯一/FK/check、导出/trace 实际 PG 结果，逐调用者保留 RED→GREEN。","代码与测试增量","CW-054","[server/app/db_portable.py:228](/Users/honor.pei/Documents/订单项目/乡墅爆款短视频复刻-客户版收敛分析/server/app/db_portable.py:228)；[server/app/db_portable.py:249](/Users/honor.pei/Documents/订单项目/乡墅爆款短视频复刻-客户版收敛分析/server/app/db_portable.py:249)；[server/app/db_portable.py:320](/Users/honor.pei/Documents/订单项目/乡墅爆款短视频复刻-客户版收敛分析/server/app/db_portable.py:320)；[server/app/db_portable.py:350](/Users/honor.pei/Documents/订单项目/乡墅爆款短视频复刻-客户版收敛分析/server/app/db_portable.py:350)；[server/app/generation.py:917](/Users/honor.pei/Documents/订单项目/乡墅爆款短视频复刻-客户版收敛分析/server/app/generation.py:917)","。"
"CW-055","锁定 PG 事务、连接池与 fencing 提交边界","已有基础，仍有增量","pg_transaction 已使用连接池事务上下文统一提交/回滚，并校验 isolation allowlist；fenced_pg_transaction 持有最终提交权；BusinessConnection 在 PG 上的 commit/rollback 是刻意 no-op；基线已经包含 statement_timeout、idle_in_transaction_session_timeout 与池卫生参数。","业务域全量映射核销归 CW-058/059；容量基准归 CW-047。","补齐每个已迁调用者修改前 TEST-PG 回归与 RED→GREEN；当前证据不足以证明全调用链均未中途提交；增加池耗尽有界失败、断连、异常事务回收、死锁/serialization/timeout 的 SQLSTATE→幂等恢复矩阵；缺 PG 不得 skip；验证序列值不可回滚这一 PG 事实不会被误断言。","代码与测试增量","CW-055","[server/app/db_pg.py:234](/Users/honor.pei/Documents/订单项目/乡墅爆款短视频复刻-客户版收敛分析/server/app/db_pg.py:234)；[server/app/db_pg.py:270](/Users/honor.pei/Documents/订单项目/乡墅爆款短视频复刻-客户版收敛分析/server/app/db_pg.py:270)；[server/app/db_portable.py:320](/Users/honor.pei/Documents/订单项目/乡墅爆款短视频复刻-客户版收敛分析/server/app/db_portable.py:320)；[server/app/customer_fence.py:205](/Users/honor.pei/Documents/订单项目/乡墅爆款短视频复刻-客户版收敛分析/server/app/customer_fence.py:205)；[server/tests/test_db_pg.py:450](/Users/honor.pei/Documents/订单项目/乡墅爆款短视频复刻-客户版收敛分析/server/tests/test_db_pg.py:450)","{""branch"": ""codex/local-main-pg-timeouts-20260908"", ""commit"": ""6a2f579e2c6706062cbcd8cdbed7ec151062c867"", ""path"": ""server/app/db_pg.py"", ""line"": 55, ""why"": ""该分支同类服务端 timeout 配置已在 bffc341 基线出现等价实现，不构成新增完成量。"", ""not_baseline"": true, ""baseline_equivalent_present"": true}。"
"CW-056","验收 PG 空库、旧库升级与最终 schema","已有基础，仍有增量","已有空 PG upgrade→downgrade→re-upgrade 和已发布 040 head→当前 head 的迁移演练；另有从 054 带钱包/生成代表数据升级并验证保持的数据场景。","生产实际停写/升级执行归 CW-051；SQLite→PG 只读导入工具归 CW-034—039/CW-060。","尚未冻结“所有已发且受支持 PG head”矩阵；当前仅覆盖若干起点，不能代表全部客户版本；迁移集成文件缺 PG 时整体 skip；必须改为必需门禁；Alembic env 仍支持默认/SQLite 与 offline SQL；当前 offline 输出不能当可执行升级证据；每个支持 head 需代表数据、完整约束/trigger/JSON/时间语义、identity/serial/ledger 下一写不碰撞和失败状态证据。","代码与测试增量","CW-056","[server/tests/test_postgres_migrations.py:142](/Users/honor.pei/Documents/订单项目/乡墅爆款短视频复刻-客户版收敛分析/server/tests/test_postgres_migrations.py:142)；[server/tests/test_postgres_migrations.py:452](/Users/honor.pei/Documents/订单项目/乡墅爆款短视频复刻-客户版收敛分析/server/tests/test_postgres_migrations.py:452)；[server/tests/test_postgres_migrations.py:498](/Users/honor.pei/Documents/订单项目/乡墅爆款短视频复刻-客户版收敛分析/server/tests/test_postgres_migrations.py:498)；[server/migrations/env.py:35](/Users/honor.pei/Documents/订单项目/乡墅爆款短视频复刻-客户版收敛分析/server/migrations/env.py:35)","{""branch"": ""codex/local-main-cost-billing-20260908"", ""commit"": ""e2175cb524f37038b0ce87899b3eca68140f423a"", ""path"": ""server/migrations/versions/064_operation_cost_rates.py"", ""line"": 42, ""why"": ""该分支含 migration downgrade/账本保护补丁，但 revision 编号链与基线分叉，须按当前 head 重做评估。"", ""not_baseline"": true, ""baseline_equivalent_present"": false}。"
"CW-057","统一维护、种子、管理和对账 CLI 的数据库入口","已有基础，仍有增量","若干当前维护脚本已要求显式 PostgreSQL DSN；PG migrate 与 PITR backup/recovery 工具已存在。","sqlite_to_postgres、reconcile_customer_billing 等一次性历史导入/核对工具保留在 CW-060 隔离制品，不应强改为无 SQLite；实际恢复演练归 CW-048。","gate1_bootstrap、gate1_e2e、app.backup 与 internal backup systemd 仍是 SQLite 当前入口；盘点全部 HTTP 外命令，逐个标 current→PG、historical→CW-060、retire；未知项不得遗漏；当前命令必须拒绝缺/错 DSN 与 SQLite 参数，验证只读不写、写命令审计/幂等、备份目标与日志脱敏。","代码与测试增量","CW-057","[server/app/gate1_bootstrap.py:23](/Users/honor.pei/Documents/订单项目/乡墅爆款短视频复刻-客户版收敛分析/server/app/gate1_bootstrap.py:23)；[server/app/gate1_e2e.py:469](/Users/honor.pei/Documents/订单项目/乡墅爆款短视频复刻-客户版收敛分析/server/app/gate1_e2e.py:469)；[server/app/backup.py:377](/Users/honor.pei/Documents/订单项目/乡墅爆款短视频复刻-客户版收敛分析/server/app/backup.py:377)；[server/scripts/reconcile_dangling_billing_reservations.py:33](/Users/honor.pei/Documents/订单项目/乡墅爆款短视频复刻-客户版收敛分析/server/scripts/reconcile_dangling_billing_reservations.py:33)；[deploy/postgres/pitr-backup.sh:34](/Users/honor.pei/Documents/订单项目/乡墅爆款短视频复刻-客户版收敛分析/deploy/postgres/pitr-backup.sh:34)","。"
"CW-033","制作可恢复的数据与资产演练快照","已有实现，待复验","已有SQLite一致快照（停写检查、writer fence、完整性、原件/快照SHA-256、0600）和PG16物理base backup、连续WAL、隔离恢复及100条跨域事实核验工具。","从V3剩余开发中剔除SQLite快照算法、PG PITR脚本和100-fact verifier的重复实现及原SHA合同测试；不能剔除实际数据批次恢复。","只读盘点每个当前PG/历史SQLite/对象批次；对实际PG执行隔离restore并记录版本、head、时间点、LSN/timeline（适用时）；封存SQLite原件并验证hash；核对业务、账务、未完任务和对象清单，登记访问责任人。","复验","CW-033","[server/app/backup.py:164](/Users/honor.pei/Documents/订单项目/乡墅爆款短视频复刻-客户版收敛分析/server/app/backup.py:164)；[deploy/postgres/pitr-backup.sh:34](/Users/honor.pei/Documents/订单项目/乡墅爆款短视频复刻-客户版收敛分析/deploy/postgres/pitr-backup.sh:34)；[deploy/postgres/pitr-restore-drill.sh:34](/Users/honor.pei/Documents/订单项目/乡墅爆款短视频复刻-客户版收敛分析/deploy/postgres/pitr-restore-drill.sh:34)；[docs/evidence/T38-EVIDENCE.md:86](/Users/honor.pei/Documents/订单项目/乡墅爆款短视频复刻-客户版收敛分析/docs/evidence/T38-EVIDENCE.md:86)；[outputs/customer-cloud-convergence-analysis-2026-09-08/客户版收敛工作任务清单.csv:39](/Users/honor.pei/Documents/订单项目/乡墅爆款短视频复刻-客户版收敛分析/outputs/customer-cloud-convergence-analysis-2026-09-08/客户版收敛工作任务清单.csv:39)","。"
"CW-034","路线 A：保留客户 PG 并归档内部数据","准备或条件判断","已有客户PG运行历史、PG恢复工具、SQLite归档/恢复工具和PG保持为唯一业务真源的回滚原则，路线A通常无需新增导入程序。","若CW-005正式选择A，可剔除A路线专属数据导入开发，复用现有PG升级/PITR和SQLite归档工具；不得把旧生产记录当成本次候选的A路线验收。","先按实际批次裁决A/B/C；若选A，证明内部数据无需合入，升级保留PG至冻结head，演练前后核对客户/设备/session/项目/钱包，封存并实际恢复内部SQLite，同时扫描PG内local资产决定是否触发CW-037。","条件实施与验收","CW-034","[docs/evidence/PRODUCTION-HOTFIX-RECONCILIATION-20260830.md:10](/Users/honor.pei/Documents/订单项目/乡墅爆款短视频复刻-客户版收敛分析/docs/evidence/PRODUCTION-HOTFIX-RECONCILIATION-20260830.md:10)；[server/app/backup.py:305](/Users/honor.pei/Documents/订单项目/乡墅爆款短视频复刻-客户版收敛分析/server/app/backup.py:305)；[docs/客户版部署与灰度手册.md:15](/Users/honor.pei/Documents/订单项目/乡墅爆款短视频复刻-客户版收敛分析/docs/客户版部署与灰度手册.md:15)；[outputs/customer-cloud-convergence-analysis-2026-09-08/客户版收敛工作任务清单.csv:40](/Users/honor.pei/Documents/订单项目/乡墅爆款短视频复刻-客户版收敛分析/outputs/customer-cloud-convergence-analysis-2026-09-08/客户版收敛工作任务清单.csv:40)","{""ref"": ""ops/deploy-8bd0374-20260902-170141@c89012dfa6868d0c5f19c56cf079fef2be7a3639"", ""why"": ""存在旧候选生产部署支线，但不是当前收敛候选，也没有A路线数据/归档签收，不能提升状态。""}。"
"CW-035","路线 B：从 SQLite 导入空 PostgreSQL","准备或条件判断","T07已有维护窗、PG advisory lock、源/目标同head和schema检查、空目标保护、单事务导入、重放判定、序列重置及全量账务/资产引用对账；原SHA在PG16自动化中通过。","若选择B，剔除空目标SQLite→PG导入器、基础对账器、失败回滚/同快照重放机制的重复开发；实际数据演练、最新head约束、用户资格和资产迁移不得剔除。","裁决该批次是否B；通过CW-060交付独立operator制品；冻结原件并只在工作副本做必要规范化；把目标PG升级到最终head后对实际副本导入/重放/失败恢复，核对用户资格、约束、下一ID/流水和CW-037对象。","条件实施与验收","CW-035","[server/scripts/sqlite_to_postgres.py:121](/Users/honor.pei/Documents/订单项目/乡墅爆款短视频复刻-客户版收敛分析/server/scripts/sqlite_to_postgres.py:121)；[server/scripts/sqlite_to_postgres.py:524](/Users/honor.pei/Documents/订单项目/乡墅爆款短视频复刻-客户版收敛分析/server/scripts/sqlite_to_postgres.py:524)；[server/scripts/reconcile_customer_billing.py:922](/Users/honor.pei/Documents/订单项目/乡墅爆款短视频复刻-客户版收敛分析/server/scripts/reconcile_customer_billing.py:922)；[docs/evidence/T07-EVIDENCE.md:99](/Users/honor.pei/Documents/订单项目/乡墅爆款短视频复刻-客户版收敛分析/docs/evidence/T07-EVIDENCE.md:99)；[docs/evidence/T07-EVIDENCE.md:111](/Users/honor.pei/Documents/订单项目/乡墅爆款短视频复刻-客户版收敛分析/docs/evidence/T07-EVIDENCE.md:111)","。"
"CW-036","路线 C：选择性合并已有客户 PG","准备或条件判断","可复用现有快照/账务/资产引用核对和PG数据库分配wallet ledger_sequence的触发器；当前T07导入器明确拒绝非空且不一致的目标，没有选择性合并实现。","剔除通用快照、基础引用对账和目标PG序列触发器的重复开发；不得删除C路线专项工具、冲突/血缘/幂等恢复开发，只因现有空库导入器可用。","先裁决是否选择C。若选择，新增并登记全FK及JSON/text内嵌ID矩阵、源目标映射和不可变血缘，实施不覆盖已有客户的选择性合并、目标序列分配、分批幂等/恢复及完整资金/对象核对。","条件实施与验收","CW-036","[server/scripts/sqlite_to_postgres.py:559](/Users/honor.pei/Documents/订单项目/乡墅爆款短视频复刻-客户版收敛分析/server/scripts/sqlite_to_postgres.py:559)；[server/scripts/reconcile_customer_billing.py:995](/Users/honor.pei/Documents/订单项目/乡墅爆款短视频复刻-客户版收敛分析/server/scripts/reconcile_customer_billing.py:995)；[server/migrations/versions/063_wallet_ledger_sequence.py:52](/Users/honor.pei/Documents/订单项目/乡墅爆款短视频复刻-客户版收敛分析/server/migrations/versions/063_wallet_ledger_sequence.py:52)；[outputs/customer-cloud-convergence-analysis-2026-09-08/客户版收敛工作任务清单.csv:42](/Users/honor.pei/Documents/订单项目/乡墅爆款短视频复刻-客户版收敛分析/outputs/customer-cloud-convergence-analysis-2026-09-08/客户版收敛工作任务清单.csv:42)","。"
"CW-037","迁移并逐对象校验历史 local 资产","准备或条件判断","已有local/COS适配器、COS写入SHA-256元数据与put/get/head/copy/delete原语，数据库对账能查标量和JSON资产ID孤儿；没有跨provider的历史local→COS遍历、映射、引用切换和回滚工具。","剔除COS基本对象API、local读取能力和数据库资产ID孤儿扫描的重复开发；不能把同一adapter内copy_object或单次真实素材上传当作历史资产迁移。","先遍历所有保留表/字段和对象根裁决是否存在local/非共享持久对象。若存在，开发/登记幂等迁移operator，产出旧URI→新key映射，逐对象验证size/SHA-256/owner/授权读取，原子或可恢复地更新引用并保留回滚期源对象。","条件实施与验收","CW-037","[server/app/storage.py:242](/Users/honor.pei/Documents/订单项目/乡墅爆款短视频复刻-客户版收敛分析/server/app/storage.py:242)；[server/app/storage.py:466](/Users/honor.pei/Documents/订单项目/乡墅爆款短视频复刻-客户版收敛分析/server/app/storage.py:466)；[server/app/storage.py:574](/Users/honor.pei/Documents/订单项目/乡墅爆款短视频复刻-客户版收敛分析/server/app/storage.py:574)；[server/scripts/reconcile_customer_billing.py:1072](/Users/honor.pei/Documents/订单项目/乡墅爆款短视频复刻-客户版收敛分析/server/scripts/reconcile_customer_billing.py:1072)；[outputs/customer-cloud-convergence-analysis-2026-09-08/客户版收敛工作任务清单.csv:43](/Users/honor.pei/Documents/订单项目/乡墅爆款短视频复刻-客户版收敛分析/outputs/customer-cloud-convergence-analysis-2026-09-08/客户版收敛工作任务清单.csv:43)","{""ref"": ""feat/material-library-linkage-completion@6bcc61de3702ae8998a8b499087a3c71c122fc9d"", ""why"": ""该未集成支线记录一次真实生产COS图片素材上传和对象权限，但没有历史local资产遍历/映射/引用迁移，且不能代表当前候选。""}。"
"CW-038","核对未完任务、冻结额度与外部回执","已有实现，待复验","已有安全终结悬挂RESERVE的PG CLI、generation提交不确定对账操作、oral按证据人工SETTLE/RELEASE及幂等证据摘要、客户聚合页的运行中/需关注计数；代码明确不自动处理SUBMISSION_UNCERTAIN。","剔除generation/oral终态悬挂账务扫描、证据化人工结算和提交不确定防盲重试机制的重复开发；不剔除切换批次的实际盘点、Provider回执核验和负责人签收。","在选定数据副本停写后遍历全部排队/运行/归档失败/提交不确定/失败待补偿任务和冻结额；把每项绑定Provider回执与既有逻辑幂等键，分别排空、恢复、取消或进入受保护人工核验；运行dry-run/受控处置并复核钱包差额为0。新任务族或未被现有报表覆盖的状态须补盘点查询或报告。","复验","CW-038","[server/scripts/reconcile_dangling_billing_reservations.py:27](/Users/honor.pei/Documents/订单项目/乡墅爆款短视频复刻-客户版收敛分析/server/scripts/reconcile_dangling_billing_reservations.py:27)；[server/app/internal_billing.py:56](/Users/honor.pei/Documents/订单项目/乡墅爆款短视频复刻-客户版收敛分析/server/app/internal_billing.py:56)；[server/app/internal_billing.py:465](/Users/honor.pei/Documents/订单项目/乡墅爆款短视频复刻-客户版收敛分析/server/app/internal_billing.py:465)；[server/app/generation.py:3299](/Users/honor.pei/Documents/订单项目/乡墅爆款短视频复刻-客户版收敛分析/server/app/generation.py:3299)；[server/app/admin_customer_routes.py:881](/Users/honor.pei/Documents/订单项目/乡墅爆款短视频复刻-客户版收敛分析/server/app/admin_customer_routes.py:881)","{""ref"": ""codex/local-main-pg-timeouts-20260908@6a2f579e2c6706062cbcd8cdbed7ec151062c867"", ""why"": ""该未集成支线含进一步的口播/转写并发与供应商回执保护；集成前只算候选代码，不能提升当前基线或替代实际处置。""}。"
"CW-039","完成数据副本演练并冻结切换回滚手册","已有实现，待复验","已有T07维护窗/R0-R1数据回滚原则、PG PITR/故障runbook和应用回滚前向schema/资金事实红线；尚无针对实际A/B/C批次、最终head及当前对象/未完任务的完整副本演练和签收。","剔除通用维护窗、基础PG PITR脚本、应用滚动/回滚原则的重复编写；不能剔除按已选路线组合后的实际数据副本演练、检查点和业务/运维签收。","在CW-033/034-038完成后冻结所选批次runbook；对隔离副本演练停写、最后增量、对象切换、未知任务处置、校验和回退流量；用真实旧兼容代码验证前向schema读取，分别处理资金事实与序列状态并记录最后安全回退边界。","复验","CW-039","[docs/evidence/T07-EVIDENCE.md:111](/Users/honor.pei/Documents/订单项目/乡墅爆款短视频复刻-客户版收敛分析/docs/evidence/T07-EVIDENCE.md:111)；[docs/客户版部署与灰度手册.md:410](/Users/honor.pei/Documents/订单项目/乡墅爆款短视频复刻-客户版收敛分析/docs/客户版部署与灰度手册.md:410)；[docs/evidence/T39-EVIDENCE.md:23](/Users/honor.pei/Documents/订单项目/乡墅爆款短视频复刻-客户版收敛分析/docs/evidence/T39-EVIDENCE.md:23)；[outputs/customer-cloud-convergence-analysis-2026-09-08/客户版收敛工作任务清单.csv:45](/Users/honor.pei/Documents/订单项目/乡墅爆款短视频复刻-客户版收敛分析/outputs/customer-cloud-convergence-analysis-2026-09-08/客户版收敛工作任务清单.csv:45)","。"
"CW-060","隔离历史 SQLite 迁移工具与兼容测试","已有基础，仍有增量","历史SQLite快照、空PG导入、对账和大量兼容测试已经实现；当前客户热修发布脚本只显式复制app/migrations，但app wheel本身包含app.backup，发布脚本继承旧镜像且未清除server/scripts，仓库仍交付内部SQLite backup systemd单元，尚无可复建、版本化、哈希锁定的独立operator制品。","剔除T07快照/导入/对账算法及其既有测试的重复开发；保留并只做制品边界、入口隔离、版本绑定、允许清单和TEST-IMPORT/TEST-HISTORY分类。","把legacy采集/可选工作副本规范化/只读导入组织为独立operator包或一次性job并绑定最终head/hash；从在线app包移出或明确隔离app.backup，构建客户镜像时从干净基底显式排除SQLite scripts/backup timer并做实物扫描；登记已发布migration例外，缺PG时TEST-IMPORT/HISTORY fail而非伪通过，核对全部反向消费者。","代码与测试增量","CW-060","[server/scripts/sqlite_to_postgres.py:33](/Users/honor.pei/Documents/订单项目/乡墅爆款短视频复刻-客户版收敛分析/server/scripts/sqlite_to_postgres.py:33)；[server/pyproject.toml:51](/Users/honor.pei/Documents/订单项目/乡墅爆款短视频复刻-客户版收敛分析/server/pyproject.toml:51)；[deploy/customer-git-rollout.sh:202](/Users/honor.pei/Documents/订单项目/乡墅爆款短视频复刻-客户版收敛分析/deploy/customer-git-rollout.sh:202)；[deploy/systemd/video-replica-backup.service:1](/Users/honor.pei/Documents/订单项目/乡墅爆款短视频复刻-客户版收敛分析/deploy/systemd/video-replica-backup.service:1)；[docs/客户版部署与灰度手册.md:15](/Users/honor.pei/Documents/订单项目/乡墅爆款短视频复刻-客户版收敛分析/docs/客户版部署与灰度手册.md:15)；[outputs/customer-cloud-convergence-analysis-2026-09-08/客户版收敛工作任务清单.csv:46](/Users/honor.pei/Documents/订单项目/乡墅爆款短视频复刻-客户版收敛分析/outputs/customer-cloud-convergence-analysis-2026-09-08/客户版收敛工作任务清单.csv:46)","。"
"CW-040","退出内部发行和专属运维脚本","已有基础，仍有增量","客户 API@/Worker@、PG PITR、监控、维护服务和脚本已存在，可作为退出内部发行的替代路径；内部发行/服务/SQLite 备份仍完整保留。","剔除重做客户 systemd 实例模板、PG PITR 脚本和已有监控维护基础；其真实运行证据另由相关运维任务负责。","在调用/用途清单确认后删除内部 NSIS 构建、internal-p0 env/nginx/非模板 service、SQLite 专用备份和本地 launcher 的正式交付路径；保留有合法客户/离线迁移消费者部分。","代码与测试增量","CW-040","[.github/workflows/ci.yml:170](/Users/honor.pei/Documents/订单项目/乡墅爆款短视频复刻-客户版收敛分析/.github/workflows/ci.yml:170)；[deploy/systemd/video-replica-api.service:2](/Users/honor.pei/Documents/订单项目/乡墅爆款短视频复刻-客户版收敛分析/deploy/systemd/video-replica-api.service:2)；[deploy/systemd/video-replica-api@.service:2](/Users/honor.pei/Documents/订单项目/乡墅爆款短视频复刻-客户版收敛分析/deploy/systemd/video-replica-api@.service:2)；[deploy/systemd/video-replica-backup.service:11](/Users/honor.pei/Documents/订单项目/乡墅爆款短视频复刻-客户版收敛分析/deploy/systemd/video-replica-backup.service:11)；[deploy/systemd/video-replica-pitr-backup.service:12](/Users/honor.pei/Documents/订单项目/乡墅爆款短视频复刻-客户版收敛分析/deploy/systemd/video-replica-pitr-backup.service:12)","。"
"CW-041","退出内部身份和内部专用前后端入口","已有基础，仍有增量","客户生产 PG 认证已拒绝内部 access token 并复用客户 session verifier；生产控制面已使用 admin session/CSRF，合法共享业务 API 保留。内部开发/非生产 PG 仍接受内部 token 和 proxy 身份，内部 App/WalletPanel/CLI 仍在。","剔除重新实现客户生产身份拒绝和管理员 session 基础；保留合法共享 /api/projects 等业务路由及客户兼容 API。","移除内部入口/旧钱包消费者、内部 token 签发认证、固定开发身份/共享代理模式及无合法消费者路由；把现有 production-only 边界扩展为唯一客户产品全部环境合同，更新兼容允许清单。","代码与测试增量","CW-041","[server/app/auth.py:115](/Users/honor.pei/Documents/订单项目/乡墅爆款短视频复刻-客户版收敛分析/server/app/auth.py:115)；[server/app/auth.py:122](/Users/honor.pei/Documents/订单项目/乡墅爆款短视频复刻-客户版收敛分析/server/app/auth.py:122)；[server/app/control_auth.py:87](/Users/honor.pei/Documents/订单项目/乡墅爆款短视频复刻-客户版收敛分析/server/app/control_auth.py:87)；[server/app/internal_accounts.py:63](/Users/honor.pei/Documents/订单项目/乡墅爆款短视频复刻-客户版收敛分析/server/app/internal_accounts.py:63)；[client/src/RootApp.tsx:42](/Users/honor.pei/Documents/订单项目/乡墅爆款短视频复刻-客户版收敛分析/client/src/RootApp.tsx:42)；[client/src/studio/LiveWorkspacePanel.tsx:154](/Users/honor.pei/Documents/订单项目/乡墅爆款短视频复刻-客户版收敛分析/client/src/studio/LiveWorkspacePanel.tsx:154)","。"
"CW-042","移除 SQLite 业务运行实现与本地持久回退","已有基础，仍有增量","客户生产已有PG拒绝SQLite保护及共享PG门面；内部SQLite实现仍被业务使用。","重写现有PG连接/数据库业务模块；按internal名称删除共用账务。","在历史工具独立和PG回归覆盖核销后，删除在线SQLite分支/配置/translator/回退及本地持久路径；保留精确历史例外。","代码与测试增量","CW-042","[server/app/db.py:13](/Users/honor.pei/Documents/订单项目/乡墅爆款短视频复刻-客户版收敛分析/server/app/db.py:13)；[server/app/db_pg.py:122](/Users/honor.pei/Documents/订单项目/乡墅爆款短视频复刻-客户版收敛分析/server/app/db_pg.py:122)；[server/app/db_portable.py:67](/Users/honor.pei/Documents/订单项目/乡墅爆款短视频复刻-客户版收敛分析/server/app/db_portable.py:67)","。"
"CW-043","核对全业务 PG 测试覆盖并关闭 SQLite 替代","已有实现，待复验","已有大量PG专项与通用回归、V2 PG分类规则及字段定义。","再次从零写同一组PG测试；与CW-058/059重复开发同一断言。","对各实施增量生成的旧→PG/退出/历史例外映射做独立全量核销；有遗漏回到对应开发项补测。","复验","CW-043","[server/tests/test_postgres_migrations.py:142](/Users/honor.pei/Documents/订单项目/乡墅爆款短视频复刻-客户版收敛分析/server/tests/test_postgres_migrations.py:142)；[docs/PostgreSQL唯一数据库实施与验收规范.md:23](/Users/honor.pei/Documents/订单项目/乡墅爆款短视频复刻-客户版收敛分析/docs/PostgreSQL唯一数据库实施与验收规范.md:23)","。"
"CW-044","收敛 CI、命令、文档和正式交付清单","已有基础，仍有增量","现有secret、Linux质量、Rust、浏览器E2E、Windows双包及客户包排除启动器检查已经配置。","重建整套CI或重复实现客户包检查；重复制作已经同步的PG规范。","删除内部发行任务，默认check/build/dev统一客户+PG；所有业务入口共用PG preflight和分类门禁，历史工具单列；按最终代码更新手册。","代码与测试增量","CW-044","[package.json:10](/Users/honor.pei/Documents/订单项目/乡墅爆款短视频复刻-客户版收敛分析/package.json:10)；[.github/workflows/ci.yml:47](/Users/honor.pei/Documents/订单项目/乡墅爆款短视频复刻-客户版收敛分析/.github/workflows/ci.yml:47)；[.github/workflows/ci.yml:175](/Users/honor.pei/Documents/订单项目/乡墅爆款短视频复刻-客户版收敛分析/.github/workflows/ci.yml:175)；[.github/workflows/ci.yml:222](/Users/honor.pei/Documents/订单项目/乡墅爆款短视频复刻-客户版收敛分析/.github/workflows/ci.yml:222)","。"
"CW-058","迁移内容、资产与工作台数据库测试到 PG","已有基础，仍有增量","内容/素材/人物/工作台/爆款等已有行为测试与部分PG专项。","重新开发全部内容功能或重写已有相同断言。","沿调用者改造先移植现有持久化断言到真实PG；全量核销时补遗漏，保留合法Owner/关联/恢复/分页/JSON场景。","代码与测试增量","CW-058","[server/tests/test_independent_creation.py:91](/Users/honor.pei/Documents/订单项目/乡墅爆款短视频复刻-客户版收敛分析/server/tests/test_independent_creation.py:91)；[server/tests/conftest.py:8](/Users/honor.pei/Documents/订单项目/乡墅爆款短视频复刻-客户版收敛分析/server/tests/conftest.py:8)；[server/tests/test_postgres_migrations.py:142](/Users/honor.pei/Documents/订单项目/乡墅爆款短视频复刻-客户版收敛分析/server/tests/test_postgres_migrations.py:142)","。"
"CW-059","迁移账务与所有任务域数据库测试到 PG","已有基础，仍有增量","钱包/账务/Worker及客户权限有成熟断言，部分客户专项用PG。","从零重写状态机/账务测试或以H3一组替代全部任务。","将剩余SQLite钱包/任务断言移到真实PG多连接；补混合任务、未知收费、迟到lease/epoch写与实际锁约束；复用每次实现时的红绿记录。","代码与测试增量","CW-059","[server/tests/test_wallet_billing_service.py:21](/Users/honor.pei/Documents/订单项目/乡墅爆款短视频复刻-客户版收敛分析/server/tests/test_wallet_billing_service.py:21)；[server/tests/test_customer_security.py:408](/Users/honor.pei/Documents/订单项目/乡墅爆款短视频复刻-客户版收敛分析/server/tests/test_customer_security.py:408)；[server/tests/test_independent_creation.py:91](/Users/honor.pei/Documents/订单项目/乡墅爆款短视频复刻-客户版收敛分析/server/tests/test_independent_creation.py:91)","。"
"CW-045","通过最终代码与 PostgreSQL 全门禁","已有实现，待复验","全量静态、前后端、Rust、构建、安全、客户E2E的命令与CI框架已具备。","开发第二套同名全量门禁。","在去重后全部增量整合的同一候选SHA重新执行全量PG及构建门；记录环境/head/哈希/退出码。","复验","CW-045","[package.json:10](/Users/honor.pei/Documents/订单项目/乡墅爆款短视频复刻-客户版收敛分析/package.json:10)；[.github/workflows/ci.yml:112](/Users/honor.pei/Documents/订单项目/乡墅爆款短视频复刻-客户版收敛分析/.github/workflows/ci.yml:112)","。"
"CW-046","完成支持平台签名包实机与升级验收","待实际环境执行","客户无 sidecar 配置、Windows CI 编译/无签名 NSIS 制品检查、凭据和下载单元合同已经存在；没有足以满足本项的真实签名+干净系统+旧包安装矩阵证据。","剔除把单元测试/CI 无签名包再次建设为新功能；这些仅作为实机前置复验，不能剔除本项真实交付验收。","按 CW-002 支持 OS 和 CW-003 旧版本安装路径清单取得签名制品，在干净系统/旧安装样本实测激活、重启升级、两设备、上传预览下载取消、卸载/失败恢复、数据保护和进程端口。","现场执行与验收","CW-046","[.github/workflows/ci.yml:201](/Users/honor.pei/Documents/订单项目/乡墅爆款短视频复刻-客户版收敛分析/.github/workflows/ci.yml:201)；[.github/workflows/ci.yml:204](/Users/honor.pei/Documents/订单项目/乡墅爆款短视频复刻-客户版收敛分析/.github/workflows/ci.yml:204)；[docs/evidence/T36-EVIDENCE.md:197](/Users/honor.pei/Documents/订单项目/乡墅爆款短视频复刻-客户版收敛分析/docs/evidence/T36-EVIDENCE.md:197)；[docs/evidence/T29-EVIDENCE.md:87](/Users/honor.pei/Documents/订单项目/乡墅爆款短视频复刻-客户版收敛分析/docs/evidence/T29-EVIDENCE.md:87)；[client/src-tauri/src/video_downloads.rs:213](/Users/honor.pei/Documents/订单项目/乡墅爆款短视频复刻-客户版收敛分析/client/src-tauri/src/video_downloads.rs:213)","。"
"CW-047","完成真实多实例与负载验收","待实际环境执行","仓库已有LB+双API+四Worker+PG主端点+私有COS部署形状和fail-closed探针；T27在单机PG fixture做过10,000队列/四线程Worker/连接池压测，T34在PG fixture做过客户主链E2E。","剔除拓扑模板、基础health/readiness、10k本地压测和客户链E2E的重复开发；不把线程级四Worker或旧生产节点记录当作真实staging故障域/PG HA/混合负载验收。","冻结同一候选SHA与CW-004阈值，在授权的真实staging部署LB、两个独立API、四个独立Worker、PG HA与私有COS；执行跨API双设备/切换/fencing、公平A/B/C与混合任务负载，保存实际EXPLAIN ANALYZE BUFFERS、锁/池等待、节点/资源和阈值结果。","现场执行与验收","CW-047","[docs/evidence/T36-EVIDENCE.md:5](/Users/honor.pei/Documents/订单项目/乡墅爆款短视频复刻-客户版收敛分析/docs/evidence/T36-EVIDENCE.md:5)；[docs/evidence/T36-EVIDENCE.md:36](/Users/honor.pei/Documents/订单项目/乡墅爆款短视频复刻-客户版收敛分析/docs/evidence/T36-EVIDENCE.md:36)；[docs/evidence/T27-EVIDENCE.md:15](/Users/honor.pei/Documents/订单项目/乡墅爆款短视频复刻-客户版收敛分析/docs/evidence/T27-EVIDENCE.md:15)；[docs/evidence/T27-EVIDENCE.md:111](/Users/honor.pei/Documents/订单项目/乡墅爆款短视频复刻-客户版收敛分析/docs/evidence/T27-EVIDENCE.md:111)；[docs/客户版部署与灰度手册.md:24](/Users/honor.pei/Documents/订单项目/乡墅爆款短视频复刻-客户版收敛分析/docs/客户版部署与灰度手册.md:24)","{""ref"": ""ops/deploy-8bd0374-20260902-170141@c89012dfa6868d0c5f19c56cf079fef2be7a3639"", ""why"": ""旧候选曾部署双API/四Worker，但与当前078候选分叉，且无PG HA/真实混合负载完整证据，只能作历史参考。""}。"
"CW-048","完成故障、PITR 与发布回滚演练","待实际环境执行","已有PG16物理备份+连续WAL、隔离PITR恢复、100事实verifier、staging-only故障演练操作单，以及API/Worker/PG/依赖故障的自动化合同。","剔除PITR/故障演练脚本和操作单的重复开发；不能剔除实际异地取回、隔离restore、API/Worker kill、PG HA failover、受控依赖故障、真实告警及RTO/RPO记录。","在授权staging按同一候选/回滚SHA执行全部故障；验证外部WAL/base真实可取、100事实逐笔恢复、API/Worker接管、PG HA切换、依赖幂等键/状态机、SUBMISSION_UNCERTAIN人工接管、P1 fired/resolved和兼容代码回退。","现场执行与验收","CW-048","[deploy/postgres/pitr-preflight.sh:31](/Users/honor.pei/Documents/订单项目/乡墅爆款短视频复刻-客户版收敛分析/deploy/postgres/pitr-preflight.sh:31)；[deploy/postgres/pitr-restore-drill.sh:30](/Users/honor.pei/Documents/订单项目/乡墅爆款短视频复刻-客户版收敛分析/deploy/postgres/pitr-restore-drill.sh:30)；[docs/evidence/T38-EVIDENCE.md:89](/Users/honor.pei/Documents/订单项目/乡墅爆款短视频复刻-客户版收敛分析/docs/evidence/T38-EVIDENCE.md:89)；[docs/evidence/T39-EVIDENCE.md:17](/Users/honor.pei/Documents/订单项目/乡墅爆款短视频复刻-客户版收敛分析/docs/evidence/T39-EVIDENCE.md:17)；[docs/evidence/T39-EVIDENCE.md:65](/Users/honor.pei/Documents/订单项目/乡墅爆款短视频复刻-客户版收敛分析/docs/evidence/T39-EVIDENCE.md:65)","。"
"CW-049","逐模块完成客户角色业务 UAT","待实际环境执行","已有PG fixture客户链E2E，覆盖激活、项目、Prompt、任务归档、第二设备冲突/切换、模拟ZPay回调；已有管理12页与客户组件浏览器截图，但客户组件使用内存模拟且不提交真实业务。","剔除T34自动化主链和已有页面视觉/组件冒烟的重复建设；不能把TestClient、Fake Provider、直插资产或内存模拟页面当作F01-F12真实客户角色UAT。","在CW-047真实staging由两名真实客户身份和规定管理员逐行执行F01-F12，从入口、详情、表单、任务到成功/失败/下一步；验证跨用户隔离、桌面关闭后云任务继续、钱包双入口、版本/首帧追溯，并记录范围外能力和缺陷复验。","现场执行与验收","CW-049","[docs/evidence/T34-E2E-EVIDENCE.md:15](/Users/honor.pei/Documents/订单项目/乡墅爆款短视频复刻-客户版收敛分析/docs/evidence/T34-E2E-EVIDENCE.md:15)；[docs/evidence/T34-E2E-EVIDENCE.md:108](/Users/honor.pei/Documents/订单项目/乡墅爆款短视频复刻-客户版收敛分析/docs/evidence/T34-E2E-EVIDENCE.md:108)；[docs/evidence/admin-revamp/browser-qa.md:5](/Users/honor.pei/Documents/订单项目/乡墅爆款短视频复刻-客户版收敛分析/docs/evidence/admin-revamp/browser-qa.md:5)；[docs/evidence/admin-revamp/browser-qa.md:30](/Users/honor.pei/Documents/订单项目/乡墅爆款短视频复刻-客户版收敛分析/docs/evidence/admin-revamp/browser-qa.md:30)；[outputs/customer-cloud-convergence-analysis-2026-09-08/客户版收敛工作任务清单.csv:58](/Users/honor.pei/Documents/订单项目/乡墅爆款短视频复刻-客户版收敛分析/outputs/customer-cloud-convergence-analysis-2026-09-08/客户版收敛工作任务清单.csv:58)","。"
"CW-050","完成真实激活、支付、COS 和 Provider 联合链路","待实际环境执行","已有激活/钱包/Provider/COS/账务代码和自动化链；当前仓库另有生产COS生命周期规则删除证据，但那只证明桶保留策略，不证明同一候选的put/head/get/delete、真实ZPay与Provider联合链。","剔除基础激活、模拟支付回调、COS adapter和Provider状态机的重复开发；历史零散真实COS操作或不同SHA成功样本不得拼成Gate C。","在明确授权额度内冻结同一候选SHA，执行零额度激活、独立最低额真实ZPay、COS put/head/get/delete、真实Provider成功/确认失败/提交不确定；保存脱敏回执、结果引用、同一逻辑幂等键和钱包SETTLE/RELEASE闭合。","现场执行与验收","CW-050","[docs/客户版任务清单-V3.md:131](/Users/honor.pei/Documents/订单项目/乡墅爆款短视频复刻-客户版收敛分析/docs/客户版任务清单-V3.md:131)；[docs/evidence/T34-E2E-EVIDENCE.md:27](/Users/honor.pei/Documents/订单项目/乡墅爆款短视频复刻-客户版收敛分析/docs/evidence/T34-E2E-EVIDENCE.md:27)；[docs/evidence/T45-EVIDENCE.md:15](/Users/honor.pei/Documents/订单项目/乡墅爆款短视频复刻-客户版收敛分析/docs/evidence/T45-EVIDENCE.md:15)；[docs/evidence/cos-permanent-retention-production-2026-09-06.md:16](/Users/honor.pei/Documents/订单项目/乡墅爆款短视频复刻-客户版收敛分析/docs/evidence/cos-permanent-retention-production-2026-09-06.md:16)；[docs/客户版任务清单-V3.md:263](/Users/honor.pei/Documents/订单项目/乡墅爆款短视频复刻-客户版收敛分析/docs/客户版任务清单-V3.md:263)","{""ref"": ""feat/material-library-linkage-completion@6bcc61de3702ae8998a8b499087a3c71c122fc9d"", ""why"": ""该未集成支线记录一次生产COS图片预签PUT/complete成功，只覆盖materials资源，不含同SHA ZPay/Provider/失败与提交不确定联合链。""}。"
"CW-051","执行存量切换与分阶段客户灰度","待实际环境执行","已有生产滚动发布脚本、旧候选双API/四Worker部署历史、应用/前向schema回滚原则和未签名客户包合同；这些证据绑定旧045/053等head，不是当前078收敛候选，也未执行A/B/C最终处置、旧内部停写或10→100码灰度。","剔除通用滚动部署/备份命令的重复开发；旧生产部署不能替代当前候选哈希锁定、真实数据处置、签名客户端、兼容窗口和分阶段放行。","取得每次生产迁移/发码/扩大灰度授权；按CW-039执行A或B/C最终增量/对象/未完任务处置，部署CW-003锁定兼容制品，确认业务真源仍为PG且旧SQLite写服务为0；用签名包按10码再100码完整观察并记录No-Go/回滚。","现场执行与验收","CW-051","[docs/evidence/PRODUCTION-HOTFIX-RECONCILIATION-20260830.md:12](/Users/honor.pei/Documents/订单项目/乡墅爆款短视频复刻-客户版收敛分析/docs/evidence/PRODUCTION-HOTFIX-RECONCILIATION-20260830.md:12)；[docs/evidence/PRODUCTION-HOTFIX-RECONCILIATION-20260830.md:75](/Users/honor.pei/Documents/订单项目/乡墅爆款短视频复刻-客户版收敛分析/docs/evidence/PRODUCTION-HOTFIX-RECONCILIATION-20260830.md:75)；[docs/evidence/SCENE-LOOK-PRODUCTION-RELEASE-20260902.md:22](/Users/honor.pei/Documents/订单项目/乡墅爆款短视频复刻-客户版收敛分析/docs/evidence/SCENE-LOOK-PRODUCTION-RELEASE-20260902.md:22)；[docs/客户版部署与灰度手册.md:384](/Users/honor.pei/Documents/订单项目/乡墅爆款短视频复刻-客户版收敛分析/docs/客户版部署与灰度手册.md:384)；[docs/客户版任务清单-V3.md:131](/Users/honor.pei/Documents/订单项目/乡墅爆款短视频复刻-客户版收敛分析/docs/客户版任务清单-V3.md:131)","{""ref"": ""ops/deploy-8bd0374-20260902-170141@c89012dfa6868d0c5f19c56cf079fef2be7a3639"", ""why"": ""该部署分支与当前基线各自有独有提交，只证明8bd0374旧候选的部署辅助，不能视为当前收敛发布或灰度。""}。"
"CW-052","完成验收签收、运维交接与正式关闭","待实际环境执行","已有V3状态账本、分层证据模板、部署/PITR/故障手册和历史制品记录，可复用作为最终交接骨架；上游真实staging、UAT、联合链、灰度及签名客户端均未全部关闭。","剔除最终验收模板和已有历史证据的重复撰写；不把不同SHA、不同环境或较低证据层级拼成PRODUCTION_GO。","等CW-045—051实际关闭后，核对全部适用任务和条件N/A依据；汇总当前候选客户包/后端/配置/数据映射/备份恢复/告警值班/支持渠道/已知范围，完成业务与运维签收并归档旧内部发行物为非在线可恢复状态。","现场执行与验收","CW-052","[docs/客户版任务清单-V3.md:131](/Users/honor.pei/Documents/订单项目/乡墅爆款短视频复刻-客户版收敛分析/docs/客户版任务清单-V3.md:131)；[docs/客户版任务清单-V3.md:195](/Users/honor.pei/Documents/订单项目/乡墅爆款短视频复刻-客户版收敛分析/docs/客户版任务清单-V3.md:195)；[docs/客户版任务清单-V3.md:297](/Users/honor.pei/Documents/订单项目/乡墅爆款短视频复刻-客户版收敛分析/docs/客户版任务清单-V3.md:297)；[docs/CUSTOMER-TASK-EVIDENCE-V3.md:9](/Users/honor.pei/Documents/订单项目/乡墅爆款短视频复刻-客户版收敛分析/docs/CUSTOMER-TASK-EVIDENCE-V3.md:9)；[outputs/customer-cloud-convergence-analysis-2026-09-08/客户版收敛工作任务清单.csv:61](/Users/honor.pei/Documents/订单项目/乡墅爆款短视频复刻-客户版收敛分析/outputs/customer-cloud-convergence-analysis-2026-09-08/客户版收敛工作任务清单.csv:61)","。"
