任务ID,任务,用例ID,验收阶段,阻塞层级,验收项,前置/步骤,预期结果,实际结果,证据要求,证据链接,执行人,执行时间,候选SHA
FP-00,建立复现基线与逐项处理台账,FP-00-A1,本地自动化/受控浏览器,AUTOMATED_VERIFIED,关键断点复现,分别使用空账号、新上传项目、已有分镜、超过12条爆款、真实task/batch格式的受控数据执行 G01–G10。,每条有输入、步骤、实际结果、预期结果、源码SHA与截图/请求证据；不适用项说明原因。,未执行,记录候选SHA、环境、角色/脱敏账号、前置数据、实际操作与实际结果；前后端写操作附脱敏请求/响应、关联ID与必要DB对照；交互附截图/录屏；自动化附命令、退出码与日志。真实链路另附供应商回执/产物及账务。,,,,
FP-00,建立复现基线与逐项处理台账,FP-00-A2,本地自动化/受控浏览器,AUTOMATED_VERIFIED,测试证明缺陷,对确认成立的问题在修复前运行对应回归测试。,测试因目标缺陷失败；不能只断言Mock回调被调用；修复前后可使用同一个用例。 本期每个FP同时有正式TXX及计划分支/PR映射；未映射项不可转开发中。,未执行,记录候选SHA、环境、角色/脱敏账号、前置数据、实际操作与实际结果；前后端写操作附脱敏请求/响应、关联ID与必要DB对照；交互附截图/录屏；自动化附命令、退出码与日志。真实链路另附供应商回执/产物及账务。,,,,
FP-01,接通新上传项目与创作工作区,FP-01-A1,本地自动化/受控浏览器,AUTOMATED_VERIFIED,空账号首传,从空白复刻页上传一个视频，随后点击拆解并转人物替换。,无需刷新即可继续；项目和资产ID一致，替换页能找到新项目。,未执行,记录候选SHA、环境、角色/脱敏账号、前置数据、实际操作与实际结果；前后端写操作附脱敏请求/响应、关联ID与必要DB对照；交互附截图/录屏；自动化附命令、退出码与日志。真实链路另附供应商回执/产物及账务。,,,,
FP-01,接通新上传项目与创作工作区,FP-01-A2,本地自动化/受控浏览器,AUTOMATED_VERIFIED,失败与换来源,中断上传，再切换到另一来源并让旧请求返回。,错误可重试；旧结果不覆盖当前项目；无成功假提示。,未执行,记录候选SHA、环境、角色/脱敏账号、前置数据、实际操作与实际结果；前后端写操作附脱敏请求/响应、关联ID与必要DB对照；交互附截图/录屏；自动化附命令、退出码与日志。真实链路另附供应商回执/产物及账务。,,,,
FP-02,恢复复刻分镜与脚本版本,FP-02-A1,本地自动化/受控浏览器,AUTOMATED_VERIFIED,离页往返,拆解并保存→去人物替换→返回复刻。,分镜、版本ID和Prompt一致；满足前置后可继续生成，没有新增分析任务。,未执行,记录候选SHA、环境、角色/脱敏账号、前置数据、实际操作与实际结果；前后端写操作附脱敏请求/响应、关联ID与必要DB对照；交互附截图/录屏；自动化附命令、退出码与日志。真实链路另附供应商回执/产物及账务。,,,,
FP-02,恢复复刻分镜与脚本版本,FP-02-A2,本地自动化/受控浏览器,AUTOMATED_VERIFIED,刷新与换项目,在有可恢复身份的环境刷新页面，再选择另一项目。,已保存版本恢复；不带入上个项目的内容；读取失败有重试。,未执行,记录候选SHA、环境、角色/脱敏账号、前置数据、实际操作与实际结果；前后端写操作附脱敏请求/响应、关联ID与必要DB对照；交互附截图/录屏；自动化附命令、退出码与日志。真实链路另附供应商回执/产物及账务。,,,,
FP-03,接通确认首帧到视频生成的资产交接,FP-03-A1,本地自动化/受控浏览器,AUTOMATED_VERIFIED,新首帧直接生成,生成并确认一张之前不在data.assets的新首帧，点击用于文/图生视频。,显示正确首帧；生成请求携带相同资产ID，不报请选择首帧。,未执行,记录候选SHA、环境、角色/脱敏账号、前置数据、实际操作与实际结果；前后端写操作附脱敏请求/响应、关联ID与必要DB对照；交互附截图/录屏；自动化附命令、退出码与日志。真实链路另附供应商回执/产物及账务。,,,,
FP-03,接通确认首帧到视频生成的资产交接,FP-03-A2,本地自动化/受控浏览器,AUTOMATED_VERIFIED,上游失效,确认后切换人物或项目，再尝试生成。,要求重新确认；不会提交旧首帧。,未执行,记录候选SHA、环境、角色/脱敏账号、前置数据、实际操作与实际结果；前后端写操作附脱敏请求/响应、关联ID与必要DB对照；交互附截图/录屏；自动化附命令、退出码与日志。真实链路另附供应商回执/产物及账务。,,,,
FP-04,让人物参考匹配重试真正执行,FP-04-A1,本地自动化/受控浏览器,AUTOMATED_VERIFIED,失败后重试,首次匹配返回可重试失败，再点击重试。,确有第二次请求；成功结果呈现，错误状态解除。,未执行,记录候选SHA、环境、角色/脱敏账号、前置数据、实际操作与实际结果；前后端写操作附脱敏请求/响应、关联ID与必要DB对照；交互附截图/录屏；自动化附命令、退出码与日志。真实链路另附供应商回执/产物及账务。,,,,
FP-04,让人物参考匹配重试真正执行,FP-04-A2,本地自动化/受控浏览器,AUTOMATED_VERIFIED,防重复与过期响应,忙态连续点击，并在返回前更换源帧。,无重复提交风暴；旧源帧结果不写入新组合。,未执行,记录候选SHA、环境、角色/脱敏账号、前置数据、实际操作与实际结果；前后端写操作附脱敏请求/响应、关联ID与必要DB对照；交互附截图/录屏；自动化附命令、退出码与日志。真实链路另附供应商回执/产物及账务。,,,,
FP-05,统一参考图选择与后端参数约束,FP-05-A1,本地自动化/受控浏览器,AUTOMATED_VERIFIED,类型和数量,尝试选视频、音频、重复图及超过服务端上限的图片。,不产生无效请求；第5张在当前max_reference=4时被明确阻止。,未执行,记录候选SHA、环境、角色/脱敏账号、前置数据、实际操作与实际结果；前后端写操作附脱敏请求/响应、关联ID与必要DB对照；交互附截图/录屏；自动化附命令、退出码与日志。真实链路另附供应商回执/产物及账务。,,,,
FP-05,统一参考图选择与后端参数约束,FP-05-A2,本地自动化/受控浏览器,AUTOMATED_VERIFIED,旧草稿与能力变化,恢复含超限引用的草稿或关闭某模式。,提示并要求修正，不能绕过前端提交检查；后端校验继续有效。,未执行,记录候选SHA、环境、角色/脱敏账号、前置数据、实际操作与实际结果；前后端写操作附脱敏请求/响应、关联ID与必要DB对照；交互附截图/录屏；自动化附命令、退出码与日志。真实链路另附供应商回执/产物及账务。,,,,
FP-06,统一生成费用确认与提交门禁,FP-06-A1,本地自动化/受控浏览器,AUTOMATED_VERIFIED,报价失败,让报价超时或失败，在所有生成入口点击提交。,没有创建付费任务；可重试报价并展示错误。,未执行,记录候选SHA、环境、角色/脱敏账号、前置数据、实际操作与实际结果；前后端写操作附脱敏请求/响应、关联ID与必要DB对照；交互附截图/录屏；自动化附命令、退出码与日志。真实链路另附供应商回执/产物及账务。,,,,
FP-06,统一生成费用确认与提交门禁,FP-06-A2,本地自动化/受控浏览器,AUTOMATED_VERIFIED,参数变化与重复点击,报价后修改时长/数量，再连续点击确认。,重新报价；只创建一次任务，费用对应最终参数。,未执行,记录候选SHA、环境、角色/脱敏账号、前置数据、实际操作与实际结果；前后端写操作附脱敏请求/响应、关联ID与必要DB对照；交互附截图/录屏；自动化附命令、退出码与日志。真实链路另附供应商回执/产物及账务。,,,,
FP-06,统一生成费用确认与提交门禁,FP-06-A3,本地自动化/受控浏览器,AUTOMATED_VERIFIED,三入口一致,分别从复刻、独立生成、口播完成确认。,均先显示费用与计费单位，再形成可追踪任务；服务端账务规则保持。,未执行,记录候选SHA、环境、角色/脱敏账号、前置数据、实际操作与实际结果；前后端写操作附脱敏请求/响应、关联ID与必要DB对照；交互附截图/录屏；自动化附命令、退出码与日志。真实链路另附供应商回执/产物及账务。,,,,
FP-07,阻止真实人物生成落入占位切片,FP-07-A1,本地自动化/受控浏览器,AUTOMATED_VERIFIED,真实格式,使用受控PNG、JPG、WebP主图执行生成与切片。,支持格式的切片确实来自原图，可用局部颜色/结构对照证明；不支持格式明确拒绝，无占位APPROVED/PUBLISHED。,未执行,记录候选SHA、环境、角色/脱敏账号、前置数据、实际操作与实际结果；前后端写操作附脱敏请求/响应、关联ID与必要DB对照；交互附截图/录屏；自动化附命令、退出码与日志。真实链路另附供应商回执/产物及账务。,,,,
FP-07,阻止真实人物生成落入占位切片,FP-07-A2,本地自动化/受控浏览器,AUTOMATED_VERIFIED,坏图或裁切失败,输入损坏图或注入裁切失败。,任务可解释地失败；无假切片、无错误成功状态；原图保留。,未执行,记录候选SHA、环境、角色/脱敏账号、前置数据、实际操作与实际结果；前后端写操作附脱敏请求/响应、关联ID与必要DB对照；交互附截图/录屏；自动化附命令、退出码与日志。真实链路另附供应商回执/产物及账务。,,,,
FP-08,统一资产来源展示与正式入口模拟限制,FP-08-A1,本地自动化/受控浏览器,AUTOMATED_VERIFIED,来源组合,加载主图真实但切片占位、全真实、来源未知的受控记录。,新旧人物界面均能反映对应来源，不将未知/占位默认为真实可用。,未执行,记录候选SHA、环境、角色/脱敏账号、前置数据、实际操作与实际结果；前后端写操作附脱敏请求/响应、关联ID与必要DB对照；交互附截图/录屏；自动化附命令、退出码与日志。真实链路另附供应商回执/产物及账务。,,,,
FP-08,统一资产来源展示与正式入口模拟限制,FP-08-A2,本地自动化/受控浏览器,AUTOMATED_VERIFIED,配置缺失,分别以客户生产、确认后的内部正式模式、显式DEV测试模式缺配置启动流程。,正式流程明确失败；DEV测试才可显示标记后的模拟产物；失败不自动切review样例。,未执行,记录候选SHA、环境、角色/脱敏账号、前置数据、实际操作与实际结果；前后端写操作附脱敏请求/响应、关联ID与必要DB对照；交互附截图/录屏；自动化附命令、退出码与日志。真实链路另附供应商回执/产物及账务。,,,,
FP-09,盘点历史占位资产并制定修复批次,FP-09-A1,指定目标数据源只读核验,目标数据源盘点报告完工,库存核对,在明确指定的授权数据源读取来源元数据并抽查样本。,总数可与查询结果对齐；保留引用关系；未知来源单列，不武断判假。 明确数据源、时间范围和未覆盖范围；只有fixture证据时不得宣称目标库存已盘清。,未执行,记录候选SHA、环境、角色/脱敏账号、前置数据、实际操作与实际结果；前后端写操作附脱敏请求/响应、关联ID与必要DB对照；交互附截图/录屏；自动化附命令、退出码与日志。真实链路另附供应商回执/产物及账务。,,,,
FP-09,盘点历史占位资产并制定修复批次,FP-09-A2,本地自动化/受控浏览器,目标数据源盘点报告完工,修复前确认,生成可执行但未运行的分批处理说明。,包含影响资产、费用上限、备份和回滚；用户按Q02选择后才建立写操作实施任务。,未执行,记录候选SHA、环境、角色/脱敏账号、前置数据、实际操作与实际结果；前后端写操作附脱敏请求/响应、关联ID与必要DB对照；交互附截图/录屏；自动化附命令、退出码与日志。真实链路另附供应商回执/产物及账务。,,,,
FP-10,修复爆款加载更多,FP-10-A1,本地自动化/受控浏览器,AUTOMATED_VERIFIED,超过首屏,装入至少30条爆款，连续滚动或点击更多。,能看到第13条及后续；加载结束有反馈，不重复项。,未执行,记录候选SHA、环境、角色/脱敏账号、前置数据、实际操作与实际结果；前后端写操作附脱敏请求/响应、关联ID与必要DB对照；交互附截图/录屏；自动化附命令、退出码与日志。真实链路另附供应商回执/产物及账务。,,,,
FP-10,修复爆款加载更多,FP-10-A2,本地自动化/受控浏览器,AUTOMATED_VERIFIED,切平台,加载后切抖音/视频号并改变分类搜索。,计数、列表、加载更多状态一致，没有旧平台结果混入。,未执行,记录候选SHA、环境、角色/脱敏账号、前置数据、实际操作与实际结果；前后端写操作附脱敏请求/响应、关联ID与必要DB对照；交互附截图/录屏；自动化附命令、退出码与日志。真实链路另附供应商回执/产物及账务。,,,,
FP-11,打通爆款来源到提文案和复刻,FP-11-A1,本地自动化/受控浏览器,AUTOMATED_VERIFIED,爆款提取,从两个平台各选一条具备合法媒体的受控爆款点击提取文案。,建立正确资产/项目→ASR→原文进入文案工坊；显示来源一致且不是旧稿。,未执行,记录候选SHA、环境、角色/脱敏账号、前置数据、实际操作与实际结果；前后端写操作附脱敏请求/响应、关联ID与必要DB对照；交互附截图/录屏；自动化附命令、退出码与日志。真实链路另附供应商回执/产物及账务。,,,,
FP-11,打通爆款来源到提文案和复刻,FP-11-A2,本地自动化/受控浏览器,AUTOMATED_VERIFIED,爆款复刻,在媒体可用和不可用两种情况下点击复刻。,可用视频进入正确分析项目；失败/音频限定明确提示，不伪造视频项目。,未执行,记录候选SHA、环境、角色/脱敏账号、前置数据、实际操作与实际结果；前后端写操作附脱敏请求/响应、关联ID与必要DB对照；交互附截图/录屏；自动化附命令、退出码与日志。真实链路另附供应商回执/产物及账务。,,,,
FP-11,打通爆款来源到提文案和复刻,FP-11-A3,本地自动化/受控浏览器,AUTOMATED_VERIFIED,重复和切换,连续点击同一来源，再在请求返回前换来源。,不重复付费建任务；旧响应不污染新来源。,未执行,记录候选SHA、环境、角色/脱敏账号、前置数据、实际操作与实际结果；前后端写操作附脱敏请求/响应、关联ID与必要DB对照；交互附截图/录屏；自动化附命令、退出码与日志。真实链路另附供应商回执/产物及账务。,,,,
FP-12,让当前IP定位参与文案二创,FP-12-A1,本地自动化/受控浏览器,AUTOMATED_VERIFIED,IP实际生效,用同一稿件分别选择定位不同的两个人物发起受控改写。,请求包含各自人物定位，结果回到当前草稿；不串项目或串IP。,未执行,记录候选SHA、环境、角色/脱敏账号、前置数据、实际操作与实际结果；前后端写操作附脱敏请求/响应、关联ID与必要DB对照；交互附截图/录屏；自动化附命令、退出码与日志。真实链路另附供应商回执/产物及账务。,,,,
FP-12,让当前IP定位参与文案二创,FP-12-A2,本地自动化/受控浏览器,AUTOMATED_VERIFIED,失败与版本,改写失败后编辑原稿重试，再确认终稿并转口播。,失败不覆盖原稿；终稿版本和口播引用一致。,未执行,记录候选SHA、环境、角色/脱敏账号、前置数据、实际操作与实际结果；前后端写操作附脱敏请求/响应、关联ID与必要DB对照；交互附截图/录屏；自动化附命令、退出码与日志。真实链路另附供应商回执/产物及账务。,,,,
FP-13,修复照片到口播分身交接,FP-13-A1,本地自动化/受控浏览器,AUTOMATED_VERIFIED,点哪张带哪张,从两张不同场景照分别点击制作分身。,目标页源图逐次对应点选照片，并保持人物归属。,未执行,记录候选SHA、环境、角色/脱敏账号、前置数据、实际操作与实际结果；前后端写操作附脱敏请求/响应、关联ID与必要DB对照；交互附截图/录屏；自动化附命令、退出码与日志。真实链路另附供应商回执/产物及账务。,,,,
FP-13,修复照片到口播分身交接,FP-13-A2,本地自动化/受控浏览器,AUTOMATED_VERIFIED,跨人物,已有A人物草稿时从B人物照片进入。,不会沿用A源图、声音或分身；不允许跨账号素材。,未执行,记录候选SHA、环境、角色/脱敏账号、前置数据、实际操作与实际结果；前后端写操作附脱敏请求/响应、关联ID与必要DB对照；交互附截图/录屏；自动化附命令、退出码与日志。真实链路另附供应商回执/产物及账务。,,,,
FP-14,完成口播音频上传与完整素材选择,FP-14-A1,本地自动化/受控浏览器,AUTOMATED_VERIFIED,上传后生成,上传合规完整音频，选择分身并发起AUDIO生成。,请求携带上传完成的audio_asset_id，不需要TTS声音；上传失败不能提交。,未执行,记录候选SHA、环境、角色/脱敏账号、前置数据、实际操作与实际结果；前后端写操作附脱敏请求/响应、关联ID与必要DB对照；交互附截图/录屏；自动化附命令、退出码与日志。真实链路另附供应商回执/产物及账务。,,,,
FP-14,完成口播音频上传与完整素材选择,FP-14-A2,本地自动化/受控浏览器,AUTOMATED_VERIFIED,深页音频,选择不在首屏和预载assets中的云端音频。,可查询、预听、选中并正确提交；无权限音频不可使用。,未执行,记录候选SHA、环境、角色/脱敏账号、前置数据、实际操作与实际结果；前后端写操作附脱敏请求/响应、关联ID与必要DB对照；交互附截图/录屏；自动化附命令、退出码与日志。真实链路另附供应商回执/产物及账务。,,,,
FP-14,完成口播音频上传与完整素材选择,FP-14-A3,本地自动化/受控浏览器,AUTOMATED_VERIFIED,非法样本,分别提交过长、错误格式和用于克隆的不合规样本。,前后端一致拒绝并说明原因；不会误当完整口播音频。,未执行,记录候选SHA、环境、角色/脱敏账号、前置数据、实际操作与实际结果；前后端写操作附脱敏请求/响应、关联ID与必要DB对照；交互附截图/录屏；自动化附命令、退出码与日志。真实链路另附供应商回执/产物及账务。,,,,
FP-15,接通口播原生字幕选项,FP-15-A1,本地自动化/受控浏览器,AUTOMATED_VERIFIED,开关透传,同一稿件分别开/关字幕提交受控任务，检查API与vendor适配请求。,两组参数可区分且语义一致，不再恒发subtitle:null。,未执行,记录候选SHA、环境、角色/脱敏账号、前置数据、实际操作与实际结果；前后端写操作附脱敏请求/响应、关联ID与必要DB对照；交互附截图/录屏；自动化附命令、退出码与日志。真实链路另附供应商回执/产物及账务。,,,,
FP-15,接通口播原生字幕选项,FP-15-A2,真实链路（后续授权阶段）,REAL_CHAIN_VERIFIED,实际成片,在FP-38授权的真实验证中分别获取字幕开/关成片。,视频实际效果符合开关；自动化通过只计AUTOMATED_VERIFIED。,未执行,记录候选SHA、环境、角色/脱敏账号、前置数据、实际操作与实际结果；前后端写操作附脱敏请求/响应、关联ID与必要DB对照；交互附截图/录屏；自动化附命令、退出码与日志。真实链路另附供应商回执/产物及账务。,,,,
FP-16,明确并实现网感模板,FP-16-A1,本地自动化/受控浏览器,不阻塞本期；纳入后：AUTOMATED_VERIFIED,模板一致性,使用用户确认的标准与网感示例分别选择模板。,交付效果对照冻结样例；不能只改前端标签；未支持效果不得可提交。,未执行,记录候选SHA、环境、角色/脱敏账号、前置数据、实际操作与实际结果；前后端写操作附脱敏请求/响应、关联ID与必要DB对照；交互附截图/录屏；自动化附命令、退出码与日志。真实链路另附供应商回执/产物及账务。,,,,
FP-16,明确并实现网感模板,FP-16-A2,本地自动化/受控浏览器,不阻塞本期；纳入后：AUTOMATED_VERIFIED,能力不支持,供应商能力不足或未启用时打开页面。,明确不可用并给合理替代；不恢复视频后期管线或扩大付费能力。,未执行,记录候选SHA、环境、角色/脱敏账号、前置数据、实际操作与实际结果；前后端写操作附脱敏请求/响应、关联ID与必要DB对照；交互附截图/录屏；自动化附命令、退出码与日志。真实链路另附供应商回执/产物及账务。,,,,
FP-17,补齐人物、场景和任务历史分页,FP-17-A1,本地自动化/受控浏览器,AUTOMATED_VERIFIED,跨首屏,准备至少9人、13套场景、21普通批次、21口播任务并翻页查询。,所有被授权记录可达；无重复/漏项；可筛到深页中的记录。,未执行,记录候选SHA、环境、角色/脱敏账号、前置数据、实际操作与实际结果；前后端写操作附脱敏请求/响应、关联ID与必要DB对照；交互附截图/录屏；自动化附命令、退出码与日志。真实链路另附供应商回执/产物及账务。,,,,
FP-17,补齐人物、场景和任务历史分页,FP-17-A2,本地自动化/受控浏览器,AUTOMATED_VERIFIED,边界变化,翻到末页后筛选或隐藏一项，再返回上一页。,页码、total和结果一致；无空白死页；不重复全量加载。,未执行,记录候选SHA、环境、角色/脱敏账号、前置数据、实际操作与实际结果；前后端写操作附脱敏请求/响应、关联ID与必要DB对照；交互附截图/录屏；自动化附命令、退出码与日志。真实链路另附供应商回执/产物及账务。,,,,
FP-18,接通客户流水和充值历史分页,FP-18-A1,本地自动化/受控浏览器,AUTOMATED_VERIFIED,完整历史,用超过20条流水和订单的账户查询历史并翻页。,第21条及更旧数据可见，记录与后台一致；页面条数与total一致。,未执行,记录候选SHA、环境、角色/脱敏账号、前置数据、实际操作与实际结果；前后端写操作附脱敏请求/响应、关联ID与必要DB对照；交互附截图/录屏；自动化附命令、退出码与日志。真实链路另附供应商回执/产物及账务。,,,,
FP-18,接通客户流水和充值历史分页,FP-18-A2,本地自动化/受控浏览器,AUTOMATED_VERIFIED,状态刷新与权限,关闭待支付订单并刷新，再用另一账号查询。,状态更新且页码合理；不能看到其他账号流水。,未执行,记录候选SHA、环境、角色/脱敏账号、前置数据、实际操作与实际结果；前后端写操作附脱敏请求/响应、关联ID与必要DB对照；交互附截图/录屏；自动化附命令、退出码与日志。真实链路另附供应商回执/产物及账务。,,,,
FP-19,完善真实缩略图、照片计数与分页呈现,FP-19-A1,本地自动化/受控浏览器,AUTOMATED_VERIFIED,列表预览,打开包含图片/视频/音频的素材列表，观察首屏和下一页。,图片/视频有真实预览或明确失败状态；音频显示合适媒体态；详情仍可打开。,未执行,记录候选SHA、环境、角色/脱敏账号、前置数据、实际操作与实际结果；前后端写操作附脱敏请求/响应、关联ID与必要DB对照；交互附截图/录屏；自动化附命令、退出码与日志。真实链路另附供应商回执/产物及账务。,,,,
FP-19,完善真实缩略图、照片计数与分页呈现,FP-19-A2,本地自动化/受控浏览器,AUTOMATED_VERIFIED,数量与大列表,打开未访问过详情的人物库及大量分页的素材库。,不把未知显示成0；页码控件有界，网络请求随可见数量而非全库增长。,未执行,记录候选SHA、环境、角色/脱敏账号、前置数据、实际操作与实际结果；前后端写操作附脱敏请求/响应、关联ID与必要DB对照；交互附截图/录屏；自动化附命令、退出码与日志。真实链路另附供应商回执/产物及账务。,,,,
FP-20,让爆款收藏按账号持久化,FP-20-A1,本地自动化/受控浏览器,AUTOMATED_VERIFIED,跨会话,收藏视频→刷新→重新登录→在另一已授权设备查看。,收藏保持，取消后同步；收藏失效来源有明确提示。,未执行,记录候选SHA、环境、角色/脱敏账号、前置数据、实际操作与实际结果；前后端写操作附脱敏请求/响应、关联ID与必要DB对照；交互附截图/录屏；自动化附命令、退出码与日志。真实链路另附供应商回执/产物及账务。,,,,
FP-20,让爆款收藏按账号持久化,FP-20-A2,本地自动化/受控浏览器,AUTOMATED_VERIFIED,隔离与失败,另一账号访问并模拟保存失败、重复点击。,不串收藏；失败不显示已保存；不产生重复记录。,未执行,记录候选SHA、环境、角色/脱敏账号、前置数据、实际操作与实际结果；前后端写操作附脱敏请求/响应、关联ID与必要DB对照；交互附截图/录屏；自动化附命令、退出码与日志。真实链路另附供应商回执/产物及账务。,,,,
FP-21,修复结果跳转并恢复详情导航状态,FP-21-A1,本地自动化/受控浏览器,AUTOMATED_VERIFIED,看板到深页作品,从看板打开不在当前任务列表首屏的普通作品和口播作品。,正确结果页、对象类型和返回位置；不存在或无权限对象显示受控状态。,未执行,记录候选SHA、环境、角色/脱敏账号、前置数据、实际操作与实际结果；前后端写操作附脱敏请求/响应、关联ID与必要DB对照；交互附截图/录屏；自动化附命令、退出码与日志。真实链路另附供应商回执/产物及账务。,,,,
FP-21,修复结果跳转并恢复详情导航状态,FP-21-A2,本地自动化/受控浏览器,AUTOMATED_VERIFIED,导航恢复,在已有有效身份的环境打开详情深链接、前进后退，再刷新管理端子页。,对象/筛选上下文正确恢复，不回错误默认页；认证恢复与导航恢复分别验收。,未执行,记录候选SHA、环境、角色/脱敏账号、前置数据、实际操作与实际结果；前后端写操作附脱敏请求/响应、关联ID与必要DB对照；交互附截图/录屏；自动化附命令、退出码与日志。真实链路另附供应商回执/产物及账务。,,,,
FP-21,修复结果跳转并恢复详情导航状态,FP-21-A3,本地自动化/受控浏览器,AUTOMATED_VERIFIED,旧链接,访问旧projects/characters/wallet别名及未知路由。,旧入口可用、未知路由安全回退，无凭据泄漏。,未执行,记录候选SHA、环境、角色/脱敏账号、前置数据、实际操作与实际结果；前后端写操作附脱敏请求/响应、关联ID与必要DB对照；交互附截图/录屏；自动化附命令、退出码与日志。真实链路另附供应商回执/产物及账务。,,,,
FP-22,统一成片统计与口播报表覆盖,FP-22-A1,本地自动化/受控浏览器,AUTOMATED_VERIFIED,混合数据核对,准备1个含2成片的普通批次及1成功/1失败口播，包含隐藏和跨北京日界记录。,各页面按注明口径与数据库一致；成片与批次不混淆，口播不漏算不重复。,未执行,记录候选SHA、环境、角色/脱敏账号、前置数据、实际操作与实际结果；前后端写操作附脱敏请求/响应、关联ID与必要DB对照；交互附截图/录屏；自动化附命令、退出码与日志。真实链路另附供应商回执/产物及账务。,,,,
FP-22,统一成片统计与口播报表覆盖,FP-22-A2,本地自动化/受控浏览器,AUTOMATED_VERIFIED,刷新,任务完成后进看板或手动刷新，随后模拟聚合失败。,数据与更新时间更新；失败有提示/重试，保留旧数据时标注其时效。,未执行,记录候选SHA、环境、角色/脱敏账号、前置数据、实际操作与实际结果；前后端写操作附脱敏请求/响应、关联ID与必要DB对照；交互附截图/录屏；自动化附命令、退出码与日志。真实链路另附供应商回执/产物及账务。,,,,
FP-22,统一成片统计与口播报表覆盖,FP-22-A3,本地自动化/受控浏览器,AUTOMATED_VERIFIED,权限,用客户、员工、管理员读取相同期间报表。,按各角色可见范围汇总；客户不见他人统计与任务。,未执行,记录候选SHA、环境、角色/脱敏账号、前置数据、实际操作与实际结果；前后端写操作附脱敏请求/响应、关联ID与必要DB对照；交互附截图/录屏；自动化附命令、退出码与日志。真实链路另附供应商回执/产物及账务。,,,,
FP-23,修复后台客户上下文及异常记录入口,FP-23-A1,本地自动化/受控浏览器,AUTOMATED_VERIFIED,切客户,先看A设备→返回客户列表→看B会话并快速切回。,设备、会话、详情始终同一客户，迟到请求不覆盖。,未执行,记录候选SHA、环境、角色/脱敏账号、前置数据、实际操作与实际结果；前后端写操作附脱敏请求/响应、关联ID与必要DB对照；交互附截图/录屏；自动化附命令、退出码与日志。真实链路另附供应商回执/产物及账务。,,,,
FP-23,修复后台客户上下文及异常记录入口,FP-23-A2,本地自动化/受控浏览器,AUTOMATED_VERIFIED,查看异常,从总览失败待办进入记录并打开普通生成/口播错误详情。,带正确过滤条件；可查错误、任务和计费状态；无误导的空处理按钮。,未执行,记录候选SHA、环境、角色/脱敏账号、前置数据、实际操作与实际结果；前后端写操作附脱敏请求/响应、关联ID与必要DB对照；交互附截图/录屏；自动化附命令、退出码与日志。真实链路另附供应商回执/产物及账务。,,,,
FP-24,完成客户资料错误、在线状态和退出入口,FP-24-A1,本地自动化/受控浏览器,AUTOMATED_VERIFIED,错误与离线,资料接口返回500，再断网并等待心跳状态变化。,显示对应错误与重试；不会永久加载或恒显示在线；租约状态以服务端规则为准。,未执行,记录候选SHA、环境、角色/脱敏账号、前置数据、实际操作与实际结果；前后端写操作附脱敏请求/响应、关联ID与必要DB对照；交互附截图/录屏；自动化附命令、退出码与日志。真实链路另附供应商回执/产物及账务。,,,,
FP-24,完成客户资料错误、在线状态和退出入口,FP-24-A2,本地自动化/受控浏览器,AUTOMATED_VERIFIED,退出重登,点击退出并检查当前会话，随后重新登录。,后端会话正确失效，本地会话清理；设备绑定和钱包不被删除。,未执行,记录候选SHA、环境、角色/脱敏账号、前置数据、实际操作与实际结果；前后端写操作附脱敏请求/响应、关联ID与必要DB对照；交互附截图/录屏；自动化附命令、退出码与日志。真实链路另附供应商回执/产物及账务。,,,,
FP-24,完成客户资料错误、在线状态和退出入口,FP-24-A3,本地自动化/受控浏览器,AUTOMATED_VERIFIED,暂不处理,在设备页点击暂不处理再返回。,有可见反馈，待审批请求仍保留，可稍后继续批准。,未执行,记录候选SHA、环境、角色/脱敏账号、前置数据、实际操作与实际结果；前后端写操作附脱敏请求/响应、关联ID与必要DB对照；交互附截图/录屏；自动化附命令、退出码与日志。真实链路另附供应商回执/产物及账务。,,,,
FP-25,统一前端角色可操作范围,FP-25-A1,本地自动化/受控浏览器,AUTOMATED_VERIFIED,审计角色,以auditor逐页尝试写操作与通过地址进入创作详情。,可读数据按权限呈现，写控件不可执行且有原因；无写请求发出。,未执行,记录候选SHA、环境、角色/脱敏账号、前置数据、实际操作与实际结果；前后端写操作附脱敏请求/响应、关联ID与必要DB对照；交互附截图/录屏；自动化附命令、退出码与日志。真实链路另附供应商回执/产物及账务。,,,,
FP-25,统一前端角色可操作范围,FP-25-A2,本地自动化/受控浏览器,AUTOMATED_VERIFIED,后端拒绝,绕过UI向既有写路由发未授权请求，同时测试合法客户。,服务端拒绝未授权写；合法用户功能不受回归影响。,未执行,记录候选SHA、环境、角色/脱敏账号、前置数据、实际操作与实际结果；前后端写操作附脱敏请求/响应、关联ID与必要DB对照；交互附截图/录屏；自动化附命令、退出码与日志。真实链路另附供应商回执/产物及账务。,,,,
FP-26,替换账户概览中的固定业务状态,FP-26-A1,本地自动化/受控浏览器,AUTOMATED_VERIFIED,真实余额,使用余额为0和非0的账户，完成受控结算/释放后刷新。,侧栏、概览与钱包一致，0可识别为真实值；无固定示例数字。,未执行,记录候选SHA、环境、角色/脱敏账号、前置数据、实际操作与实际结果；前后端写操作附脱敏请求/响应、关联ID与必要DB对照；交互附截图/录屏；自动化附命令、退出码与日志。真实链路另附供应商回执/产物及账务。,,,,
FP-26,替换账户概览中的固定业务状态,FP-26-A2,本地自动化/受控浏览器,AUTOMATED_VERIFIED,服务失败,让钱包/资料读取失败并查看未接发布统计。,显示失败/未知或待接入，而不是假0/已激活成功；有合理重试入口。,未执行,记录候选SHA、环境、角色/脱敏账号、前置数据、实际操作与实际结果；前后端写操作附脱敏请求/响应、关联ID与必要DB对照；交互附截图/录屏；自动化附命令、退出码与日志。真实链路另附供应商回执/产物及账务。,,,,
FP-26,替换账户概览中的固定业务状态,FP-26-A3,本地自动化/受控浏览器,AUTOMATED_VERIFIED,暂缓状态,在本期范围打开发布账号页与发布页。,明确暂缓/未启用；无授权或发布调用，固定0不伪装真实数量。,未执行,记录候选SHA、环境、角色/脱敏账号、前置数据、实际操作与实际结果；前后端写操作附脱敏请求/响应、关联ID与必要DB对照；交互附截图/录屏；自动化附命令、退出码与日志。真实链路另附供应商回执/产物及账务。,,,,
FP-27,补齐口播服务配置与连接检查能力,FP-27-A1,本地自动化/受控浏览器,AUTOMATED_VERIFIED,配置与角色,管理员保存/重载Hifly配置，客户或审计者尝试修改/查看敏感值。,只显示掩码和允许信息；未授权操作拒绝；日志和产物无密钥。,未执行,记录候选SHA、环境、角色/脱敏账号、前置数据、实际操作与实际结果；前后端写操作附脱敏请求/响应、关联ID与必要DB对照；交互附截图/录屏；自动化附命令、退出码与日志。真实链路另附供应商回执/产物及账务。,,,,
FP-27,补齐口播服务配置与连接检查能力,FP-27-A2,本地自动化/受控浏览器,AUTOMATED_VERIFIED,检查结果,分别模拟配置缺失、认证失败、超时、只读成功、供应商无探测API。,UI明确区别各状态；不会用配置存在冒充连通，更不会自动创建收费任务。,未执行,记录候选SHA、环境、角色/脱敏账号、前置数据、实际操作与实际结果；前后端写操作附脱敏请求/响应、关联ID与必要DB对照；交互附截图/录屏；自动化附命令、退出码与日志。真实链路另附供应商回执/产物及账务。,,,,
FP-27,补齐口播服务配置与连接检查能力,FP-27-A3,真实链路（后续授权阶段）,REAL_CHAIN_VERIFIED,真实探测,在FP-38获准的服务上执行声明过的真实探测。,取得匹配的状态/脱敏回执；COS写读删和可能计费探测按授权范围执行。,未执行,记录候选SHA、环境、角色/脱敏账号、前置数据、实际操作与实际结果；前后端写操作附脱敏请求/响应、关联ID与必要DB对照；交互附截图/录屏；自动化附命令、退出码与日志。真实链路另附供应商回执/产物及账务。,,,,
FP-28,明确并补齐工作区搜索范围,FP-28-A1,本地自动化/受控浏览器,不阻塞本期；纳入后：AUTOMATED_VERIFIED,范围与跳转,按确认范围检索未预载的人物/素材/文案/视频名称。,结果范围符合说明，深页数据可查；点击打开对应对象。,未执行,记录候选SHA、环境、角色/脱敏账号、前置数据、实际操作与实际结果；前后端写操作附脱敏请求/响应、关联ID与必要DB对照；交互附截图/录屏；自动化附命令、退出码与日志。真实链路另附供应商回执/产物及账务。,,,,
FP-28,明确并补齐工作区搜索范围,FP-28-A2,本地自动化/受控浏览器,不阻塞本期；纳入后：AUTOMATED_VERIFIED,空结果与隔离,输入无结果关键词、切账号及制造请求失败。,空态/失败区分，结果不跨账号、不残留旧查询。,未执行,记录候选SHA、环境、角色/脱敏账号、前置数据、实际操作与实际结果；前后端写操作附脱敏请求/响应、关联ID与必要DB对照；交互附截图/录屏；自动化附命令、退出码与日志。真实链路另附供应商回执/产物及账务。,,,,
FP-29,实现与通知偏好一致的通知功能,FP-29-A1,本地自动化/受控浏览器,不阻塞本期；纳入后：AUTOMATED_VERIFIED,事件通知,制造一次成功、失败及需处理状态，再重复投递相同终态事件。,每个确认范围内事件只产生一条通知，未读/已读可追踪，点击到正确任务。,未执行,记录候选SHA、环境、角色/脱敏账号、前置数据、实际操作与实际结果；前后端写操作附脱敏请求/响应、关联ID与必要DB对照；交互附截图/录屏；自动化附命令、退出码与日志。真实链路另附供应商回执/产物及账务。,,,,
FP-29,实现与通知偏好一致的通知功能,FP-29-A2,本地自动化/受控浏览器,不阻塞本期；纳入后：AUTOMATED_VERIFIED,偏好与角色,关闭偏好并产生新任务事件，再切另一账号。,按已确认规则停止可选提醒；无跨账号消息，任务状态仍可查。,未执行,记录候选SHA、环境、角色/脱敏账号、前置数据、实际操作与实际结果；前后端写操作附脱敏请求/响应、关联ID与必要DB对照；交互附截图/录屏；自动化附命令、退出码与日志。真实链路另附供应商回执/产物及账务。,,,,
FP-30,接通已选定的视频链接解析方案,FP-30-A1,本地自动化/受控浏览器,AUTOMATED_VERIFIED,支持链接,对已确认平台使用合法受控链接执行解析并选提文案/复刻。,正确来源进入FP11同一链路；保存归属和来源，不重复下载/创建。,未执行,记录候选SHA、环境、角色/脱敏账号、前置数据、实际操作与实际结果；前后端写操作附脱敏请求/响应、关联ID与必要DB对照；交互附截图/录屏；自动化附命令、退出码与日志。真实链路另附供应商回执/产物及账务。,,,,
FP-30,接通已选定的视频链接解析方案,FP-30-A2,本地自动化/受控浏览器,AUTOMATED_VERIFIED,不支持与失效,输入视频号、不支持平台、过期链接、无媒体链接。,明确解释并提供上传回退；失败不留下假就绪项目。,未执行,记录候选SHA、环境、角色/脱敏账号、前置数据、实际操作与实际结果；前后端写操作附脱敏请求/响应、关联ID与必要DB对照；交互附截图/录屏；自动化附命令、退出码与日志。真实链路另附供应商回执/产物及账务。,,,,
FP-30,接通已选定的视频链接解析方案,FP-30-A3,真实链路（后续授权阶段）,REAL_CHAIN_VERIFIED,真实服务,FP38授权后用Douyidou实际解析一条。,有脱敏请求回执、真实资产和后续处理证据；模拟响应不能销真实验收。,未执行,记录候选SHA、环境、角色/脱敏账号、前置数据、实际操作与实际结果；前后端写操作附脱敏请求/响应、关联ID与必要DB对照；交互附截图/录屏；自动化附命令、退出码与日志。真实链路另附供应商回执/产物及账务。,,,,
FP-31,发布账号授权与账号管理,FP-31-A2,真实链路（后续授权阶段）,不阻塞本期；纳入后：REAL_CHAIN_VERIFIED,解冻后授权,恢复排期后执行授权成功、取消、过期、解绑。,回调与账号归属真实一致，过期不可发布；未授权前此用例保持未执行。,未执行,记录候选SHA、环境、角色/脱敏账号、前置数据、实际操作与实际结果；前后端写操作附脱敏请求/响应、关联ID与必要DB对照；交互附截图/录屏；自动化附命令、退出码与日志。真实链路另附供应商回执/产物及账务。,,,,
FP-32,云端发布草稿、封面与提交,FP-32-A1,本地自动化/受控浏览器,不阻塞本期；纳入后：AUTOMATED_VERIFIED,草稿持久化,解冻后编辑草稿/封面，刷新并重新登录继续编辑。,字段和素材一致且按用户隔离；上传失败不能假保存。,未执行,记录候选SHA、环境、角色/脱敏账号、前置数据、实际操作与实际结果；前后端写操作附脱敏请求/响应、关联ID与必要DB对照；交互附截图/录屏；自动化附命令、退出码与日志。真实链路另附供应商回执/产物及账务。,,,,
FP-32,云端发布草稿、封面与提交,FP-32-A2,真实链路（后续授权阶段）,不阻塞本期；纳入后：REAL_CHAIN_VERIFIED,发布提交,用获准测试账号确认发布，重复点击并模拟网络超时。,只产生一次逻辑发布；状态为待确认/处理中，不能未经平台回执显示成功。,未执行,记录候选SHA、环境、角色/脱敏账号、前置数据、实际操作与实际结果；前后端写操作附脱敏请求/响应、关联ID与必要DB对照；交互附截图/录屏；自动化附命令、退出码与日志。真实链路另附供应商回执/产物及账务。,,,,
FP-33,发布回执、异常处理与发布统计,FP-33-A1,本地自动化/受控浏览器,不阻塞本期；纳入后：AUTOMATED_VERIFIED,回执和重试,模拟成功、失败、处理中、提交不确定和重复回调。,页面/数据库一致，只有可重试状态允许重试，发布成功数只加一次。,未执行,记录候选SHA、环境、角色/脱敏账号、前置数据、实际操作与实际结果；前后端写操作附脱敏请求/响应、关联ID与必要DB对照；交互附截图/录屏；自动化附命令、退出码与日志。真实链路另附供应商回执/产物及账务。,,,,
FP-33,发布回执、异常处理与发布统计,FP-33-A2,真实链路（后续授权阶段）,不阻塞本期；纳入后：REAL_CHAIN_VERIFIED,真实发布,Q06及FP38确认目标后完成一条真实发布并打开平台链接。,平台实际可见，与发布记录、素材、账号一致；删除/撤回另获授权。,未执行,记录候选SHA、环境、角色/脱敏账号、前置数据、实际操作与实际结果；前后端写操作附脱敏请求/响应、关联ID与必要DB对照；交互附截图/录屏；自动化附命令、退出码与日志。真实链路另附供应商回执/产物及账务。,,,,
FP-34,定义并实现实收收入和利润口径,FP-34-A1,本地自动化/受控浏览器,不阻塞本期；纳入后：AUTOMATED_VERIFIED,业务样例对账,用确认的充值、部分消费、赠送、退款、跨日和价格变更样例计算。,每个数字可追到订单/账本/任务，结果与确认样例精确一致。,未执行,记录候选SHA、环境、角色/脱敏账号、前置数据、实际操作与实际结果；前后端写操作附脱敏请求/响应、关联ID与必要DB对照；交互附截图/录屏；自动化附命令、退出码与日志。真实链路另附供应商回执/产物及账务。,,,,
FP-34,定义并实现实收收入和利润口径,FP-34-A2,本地自动化/受控浏览器,不阻塞本期；纳入后：AUTOMATED_VERIFIED,页面导出一致,切换口径/日期并导出，检查客户详情和总览汇总。,筛选范围与单位一致；未知数据不填假0，历史报表可解释。,未执行,记录候选SHA、环境、角色/脱敏账号、前置数据、实际操作与实际结果；前后端写操作附脱敏请求/响应、关联ID与必要DB对照；交互附截图/录屏；自动化附命令、退出码与日志。真实链路另附供应商回执/产物及账务。,,,,
FP-35,完成52条页面模块的逐角色交互验收,FP-35-A1,本地自动化/受控浏览器,AUTOMATED_VERIFIED,全量模块走查,在同一候选SHA对客户、员工、审计员、管理员逐条走查本期模块。,每行有通过/失败/不适用/暂缓及证据；无仅凭截图或组件单测标全流程通过。,未执行,记录候选SHA、环境、角色/脱敏账号、前置数据、实际操作与实际结果；前后端写操作附脱敏请求/响应、关联ID与必要DB对照；交互附截图/录屏；自动化附命令、退出码与日志。真实链路另附供应商回执/产物及账务。,,,,
FP-35,完成52条页面模块的逐角色交互验收,FP-35-A2,本地自动化/受控浏览器,AUTOMATED_VERIFIED,完整创作链,执行上传复刻、置换→图生、能力开放的独立生成、文字/音频口播、爆款→文案、素材复用→下载。,跨页对象一致、参数不丢、结果可达；测试替代服务与真实供应商证据分开。,未执行,记录候选SHA、环境、角色/脱敏账号、前置数据、实际操作与实际结果；前后端写操作附脱敏请求/响应、关联ID与必要DB对照；交互附截图/录屏；自动化附命令、退出码与日志。真实链路另附供应商回执/产物及账务。,,,,
FP-35,完成52条页面模块的逐角色交互验收,FP-35-A3,本地自动化/受控浏览器,AUTOMATED_VERIFIED,暂缓与条件能力,检查发布暂缓、未配置服务及关闭能力的入口。,用户能理解限制，不能误提交；这些项不计为全功能完成。,未执行,记录候选SHA、环境、角色/脱敏账号、前置数据、实际操作与实际结果；前后端写操作附脱敏请求/响应、关联ID与必要DB对照；交互附截图/录屏；自动化附命令、退出码与日志。真实链路另附供应商回执/产物及账务。,,,,
FP-36,完成候选版本质量门禁和证据收口,FP-36-A1,本地自动化/受控浏览器,AUTOMATED_VERIFIED,质量门禁,在独占PG fixture条件执行npm run check，必要的构建/Rust/依赖/客户E2E门禁查CI。,所有相关门禁退出0；失败和skip逐条处理，PG跳过不得标完整AUTOMATED_VERIFIED。,未执行,记录候选SHA、环境、角色/脱敏账号、前置数据、实际操作与实际结果；前后端写操作附脱敏请求/响应、关联ID与必要DB对照；交互附截图/录屏；自动化附命令、退出码与日志。真实链路另附供应商回执/产物及账务。,,,,
FP-36,完成候选版本质量门禁和证据收口,FP-36-A2,本地自动化/受控浏览器,AUTOMATED_VERIFIED,证据对照,对比测试SHA、构建SHA、差异与任务清单状态。,不存在拿旧结果销新代码；每任务验收有记录；diff经审查、无真实秘密。,未执行,记录候选SHA、环境、角色/脱敏账号、前置数据、实际操作与实际结果；前后端写操作附脱敏请求/响应、关联ID与必要DB对照；交互附截图/录屏；自动化附命令、退出码与日志。真实链路另附供应商回执/产物及账务。,,,,
FP-36,完成候选版本质量门禁和证据收口,FP-36-A3,本地自动化/受控浏览器,AUTOMATED_VERIFIED,可回滚,在隔离环境验证回退路径，含新增迁移时的升级/降级合同。,保留客户数据和账务事实；复杂回滚明确步骤与限制。,未执行,记录候选SHA、环境、角色/脱敏账号、前置数据、实际操作与实际结果；前后端写操作附脱敏请求/响应、关联ID与必要DB对照；交互附截图/录屏；自动化附命令、退出码与日志。真实链路另附供应商回执/产物及账务。,,,,
FP-37,衔接现有T35–T39类生产验证,FP-37-A1,类生产环境,STAGING_VERIFIED,多实例任务,在获准staging用至少双API和多Worker跑混合普通/口播任务。,无重复领取/重复结算、会话隔离成立，节点重启后任务可恢复；单实例不能替代。,未执行,记录候选SHA、环境、角色/脱敏账号、前置数据、实际操作与实际结果；前后端写操作附脱敏请求/响应、关联ID与必要DB对照；交互附截图/录屏；自动化附命令、退出码与日志。真实链路另附供应商回执/产物及账务。,,,,
FP-37,衔接现有T35–T39类生产验证,FP-37-A2,类生产环境,STAGING_VERIFIED,故障恢复,按原T35–T39规格执行获准的备份/恢复、节点或依赖故障演练。,满足主验收规格的恢复与账务要求，留存日志和同SHA证据；未完成项不标STAGING_VERIFIED。,未执行,记录候选SHA、环境、角色/脱敏账号、前置数据、实际操作与实际结果；前后端写操作附脱敏请求/响应、关联ID与必要DB对照；交互附截图/录屏；自动化附命令、退出码与日志。真实链路另附供应商回执/产物及账务。,,,,
FP-38,逐供应商执行真实链路验收（关联T40）,FP-38-A1,真实链路（后续授权阶段）,REAL_CHAIN_VERIFIED,Metaso,在授权参数矩阵内生成真实视频，包括本期开放的模式；扩展模式未开放则明确不适用。,返回可追踪供应商任务，取回可播放视频，参数和计费对应；Fake不可替代。,未执行,记录候选SHA、环境、角色/脱敏账号、前置数据、实际操作与实际结果；前后端写操作附脱敏请求/响应、关联ID与必要DB对照；交互附截图/录屏；自动化附命令、退出码与日志。真实链路另附供应商回执/产物及账务。,,,,
FP-38,逐供应商执行真实链路验收（关联T40）,FP-38-A2,真实链路（后续授权阶段）,REAL_CHAIN_VERIFIED,Apilio,执行一次真实拆解及人物/首帧生成，并核验切片。,得到实际内容与真实切片，不落入占位分支；费用/任务可关联。,未执行,记录候选SHA、环境、角色/脱敏账号、前置数据、实际操作与实际结果；前后端写操作附脱敏请求/响应、关联ID与必要DB对照；交互附截图/录屏；自动化附命令、退出码与日志。真实链路另附供应商回执/产物及账务。,,,,
FP-38,逐供应商执行真实链路验收（关联T40）,FP-38-A3,真实链路（后续授权阶段）,REAL_CHAIN_VERIFIED,Hifly,用获准素材完成声音/分身及文字/音频口播，验证字幕；照片克隆取决于实际会员能力。,克隆与生成回执、READY/确认状态、字幕效果、成品和归档/计费一致。,未执行,记录候选SHA、环境、角色/脱敏账号、前置数据、实际操作与实际结果；前后端写操作附脱敏请求/响应、关联ID与必要DB对照；交互附截图/录屏；自动化附命令、退出码与日志。真实链路另附供应商回执/产物及账务。,,,,
FP-38,逐供应商执行真实链路验收（关联T40）,FP-38-A4,真实链路（后续授权阶段）,REAL_CHAIN_VERIFIED,TikHub与Douyidou,分别验证爆款读取/媒体取得及支持平台链接解析，重复读取已有缓存。,真实来源可续接文案/复刻；缓存与回源行为可解释，不把接口配置当接通。,未执行,记录候选SHA、环境、角色/脱敏账号、前置数据、实际操作与实际结果；前后端写操作附脱敏请求/响应、关联ID与必要DB对照；交互附截图/录屏；自动化附命令、退出码与日志。真实链路另附供应商回执/产物及账务。,,,,
FP-38,逐供应商执行真实链路验收（关联T40）,FP-38-A5,真实链路（后续授权阶段）,REAL_CHAIN_VERIFIED,COS,在指定获准位置上传、读取、签名预览、下载与归档；清理限于本次测试对象。,实际对象可用、权限有效、链接过期行为正确；不误删历史素材。,未执行,记录候选SHA、环境、角色/脱敏账号、前置数据、实际操作与实际结果；前后端写操作附脱敏请求/响应、关联ID与必要DB对照；交互附截图/录屏；自动化附命令、退出码与日志。真实链路另附供应商回执/产物及账务。,,,,
FP-38,逐供应商执行真实链路验收（关联T40）,FP-38-A6,真实链路（后续授权阶段）,REAL_CHAIN_VERIFIED,ZPay,按获准小额完成真实下单/支付/回调/查单，并核对客户与后台账务。,实际到账只入账一次，订单/流水/余额一致；未支付/过期/回调重放按原合同处理。,未执行,记录候选SHA、环境、角色/脱敏账号、前置数据、实际操作与实际结果；前后端写操作附脱敏请求/响应、关联ID与必要DB对照；交互附截图/录屏；自动化附命令、退出码与日志。真实链路另附供应商回执/产物及账务。,,,,
FP-39,执行目标桌面安装包和下载验收,FP-39-A1,目标桌面实机,目标桌面验收通过,安装与身份,在目标Windows设备安装候选包，激活/重登/升级再启动。,连到正确环境，凭据按设计恢复，未签名包不宣称已签名正式发布。,未执行,记录候选SHA、环境、角色/脱敏账号、前置数据、实际操作与实际结果；前后端写操作附脱敏请求/响应、关联ID与必要DB对照；交互附截图/录屏；自动化附命令、退出码与日志。真实链路另附供应商回执/产物及账务。,,,,
FP-39,执行目标桌面安装包和下载验收,FP-39-A2,目标桌面实机,目标桌面验收通过,文件下载,选择保存目录，执行成功、取消、网络失败/重试并打开最终文件。,UI反馈与磁盘文件一致，取消无假成功；视频可完整解码/播放。,未执行,记录候选SHA、环境、角色/脱敏账号、前置数据、实际操作与实际结果；前后端写操作附脱敏请求/响应、关联ID与必要DB对照；交互附截图/录屏；自动化附命令、退出码与日志。真实链路另附供应商回执/产物及账务。,,,,
FP-40,形成发布范围结论并衔接T41–T42,FP-40-A1,发布决策/获准灰度,发布决策记录完工（可为No-Go）,交付边界,取得FP-38/39状态快照，复核每项任务状态、例外及代码/运行/真实链路证据；模拟未授权/未执行/失败输入。,可以精确表述本期完成范围；有阻断缺陷、缺真实关键链路证据时结论No-Go。 No-Go记录本身可验收通过，但不代表灰度用例通过或PRODUCTION_GO；Go要求关键真实链路和目标桌面验收通过。,未执行,记录候选SHA、环境、角色/脱敏账号、前置数据、实际操作与实际结果；前后端写操作附脱敏请求/响应、关联ID与必要DB对照；交互附截图/录屏；自动化附命令、退出码与日志。真实链路另附供应商回执/产物及账务。,,,,
FP-40,形成发布范围结论并衔接T41–T42,FP-40-A2,发布决策/获准灰度,PRODUCTION_GO,灰度与回滚,获得明确范围后按原10→100码阶段与回滚方案执行。,每级满足原任务门槛才扩大；无授权时记录待执行，不自动发码/发布。,未执行,记录候选SHA、环境、角色/脱敏账号、前置数据、实际操作与实际结果；前后端写操作附脱敏请求/响应、关联ID与必要DB对照；交互附截图/录屏；自动化附命令、退出码与日志。真实链路另附供应商回执/产物及账务。,,,,
