编号,页面项或动作,前端实际处理,后端对应与完成情况,客户影响与补齐点
C01,页面标题“提取与二创”,固定标题/说明,无对应请求，属展示,当前页面自身没有直接提取/直接改写处理，说明应与可执行操作一致。/Users/honor.pei/Documents/订单项目/乡墅爆款短视频复刻/outputs/copy-workshop-audit-2026-09-07/source-snapshot/client/src/studio/CreationPages.tsx:145 166–169
C02,文案改写 Tab,React 本地 Tab,不需要后端,已实现；切页再回会重置为改写 Tab。/Users/honor.pei/Documents/订单项目/乡墅爆款短视频复刻/outputs/copy-workshop-audit-2026-09-07/source-snapshot/client/src/studio/CreationPages.tsx:145 156、171–177
C03,我的文案 Tab,展示 savedScripts,GET /api/studio/saved-scripts 已实现,列表在工作区挂载时读取，不是每次开 Tab 刷新；错误被转换为空列表。/Users/honor.pei/Documents/订单项目/乡墅爆款短视频复刻/outputs/copy-workshop-audit-2026-09-07/source-snapshot/client/src/studio/StudioWorkspace.tsx:233 292–301
C04,来源条,按 sourceId 查资产/爆款,来源数据来自项目/爆款列表，未单独核对正文归属,仅展示；来源与正文可错配，参见第 3 节。/Users/honor.pei/Documents/订单项目/乡墅爆款短视频复刻/outputs/copy-workshop-audit-2026-09-07/source-snapshot/client/src/studio/CreationPages.tsx:145 157–160、205
C05,原文全文,显示 script.original,ASR result 或项目 analysis 可提供原文,展示已实现；无法在工坊直接纠正 ASR 原文，也无时间戳/原声对照。/Users/honor.pei/Documents/订单项目/乡墅爆款短视频复刻/outputs/copy-workshop-audit-2026-09-07/source-snapshot/client/src/studio/CreationPages.tsx:145 208–212
C06,原文空态,显示尚未提取,无请求,空态建议去爆款/视频来源，但没有可完成提取的就地操作。/Users/honor.pei/Documents/订单项目/乡墅爆款短视频复刻/outputs/copy-workshop-audit-2026-09-07/source-snapshot/client/src/studio/CreationPages.tsx:145 214–224
C07,打开来源分析,openLive('analysis'),可打开现有项目分析功能,仅跳转；无 projectId 时变为项目列表，不等于开始 ASR。/Users/honor.pei/Documents/订单项目/乡墅爆款短视频复刻/outputs/copy-workshop-audit-2026-09-07/source-snapshot/client/src/studio/StudioWorkspace.tsx:233 682–713
C08,作品名称,更新 script.title，撤销确认,云草稿 payload；保存文案 title 上限 300,已实现编辑，前端无长度提示；下游口播 title 上限 120，存在迟到校验。/Users/honor.pei/Documents/订单项目/乡墅爆款短视频复刻/outputs/copy-workshop-audit-2026-09-07/source-snapshot/client/src/studio/CreationPages.tsx:145 236–250；/Users/honor.pei/Documents/订单项目/乡墅爆款短视频复刻/outputs/copy-workshop-audit-2026-09-07/source-snapshot/server/app/studio_drafts.py:127 60–62；/Users/honor.pei/Documents/订单项目/乡墅爆款短视频复刻/outputs/copy-workshop-audit-2026-09-07/source-snapshot/server/app/oral_routes.py:319 326
C09,二创正文编辑,更新 script.text，撤销确认,云草稿、保存文案、项目脚本均有存储能力,编辑已实现；工坊未提示正文长度、预计时长及下游 10000 字符上限。/Users/honor.pei/Documents/订单项目/乡墅爆款短视频复刻/outputs/copy-workshop-audit-2026-09-07/source-snapshot/client/src/studio/CreationPages.tsx:145 251–268；/Users/honor.pei/Documents/订单项目/乡墅爆款短视频复刻/outputs/copy-workshop-audit-2026-09-07/source-snapshot/server/app/oral_routes.py:319 327
C10,草稿/终稿 Vn,直接显示前端 confirmed/version,云草稿保存 confirmed；保存文案的版本号由前端传入,不是统一的服务端版本状态；本地 Vn、云文案、项目脚本版本可各不相同。/Users/honor.pei/Documents/订单项目/乡墅爆款短视频复刻/outputs/copy-workshop-audit-2026-09-07/source-snapshot/client/src/studio/CreationPages.tsx:145 230–234
C11,IP 卡片,展示人物身份、范围、表达,人物库 IP 定位服务已有数据,已实现展示；不能据此断言本次改写使用了这些数据。/Users/honor.pei/Documents/订单项目/乡墅爆款短视频复刻/outputs/copy-workshop-audit-2026-09-07/source-snapshot/client/src/studio/CreationPages.tsx:145 270–303
C12,按 IP 二创,仅打开旧 analysis,POST /projects/{id}/script-rewrite 和 IP 快照已实现,入口未接通当前稿与 IP；不应重写一套服务，而应补正确接线/独立草稿入口。/Users/honor.pei/Documents/订单项目/乡墅爆款短视频复刻/outputs/copy-workshop-audit-2026-09-07/source-snapshot/client/src/studio/CreationPages.tsx:145 305–307
C13,更换人物,打开人物选择器,人物读取已实现；选中本身是本地状态,更换后撤销终稿、清空旧声音/分身是正确保护；缺人物就绪/定位完整性的就地提示。/Users/honor.pei/Documents/订单项目/乡墅爆款短视频复刻/outputs/copy-workshop-audit-2026-09-07/source-snapshot/client/src/studio/StudioWorkspace.tsx:233 651–680
C14,确认终稿按钮,非空才可点；本地立即 confirmed=true,PUT 云草稿；有 projectId 时尝试 POST 项目脚本,部分实现。未等待保存成功，无镜头卡时项目同步必失败；详见第 6 节。/Users/honor.pei/Documents/订单项目/乡墅爆款短视频复刻/outputs/copy-workshop-audit-2026-09-07/source-snapshot/client/src/studio/StudioWorkspace.tsx:233 839–853
C15,保存版本,先更新本地列表，然后发送保存请求,POST saved-scripts 按 user+script_id upsert,存储已实现，历史版本未实现；云端失败仍有本地列表记录。/Users/honor.pei/Documents/订单项目/乡墅爆款短视频复刻/outputs/copy-workshop-audit-2026-09-07/source-snapshot/client/src/studio/StudioWorkspace.tsx:233 811–837；/Users/honor.pei/Documents/订单项目/乡墅爆款短视频复刻/outputs/copy-workshop-audit-2026-09-07/source-snapshot/server/app/studio_drafts.py:127 232–244
C16,用于数字人口播,confirmed 且 ipId 存在时导航 oral,真正 POST /oral/tasks 在口播页执行,能携带共享文稿；跳转按钮不校验云保存、文本长度、人物仍有效，后续要再校验。/Users/honor.pei/Documents/订单项目/乡墅爆款短视频复刻/outputs/copy-workshop-audit-2026-09-07/source-snapshot/client/src/studio/CreationPages.tsx:145 324–329
C17,我的文案空态,saved.length=0 就显示无文案,读失败被 catch 成 [],缺少“读取失败”与“真的没有”区别，以及重试入口。/Users/honor.pei/Documents/订单项目/乡墅爆款短视频复刻/outputs/copy-workshop-audit-2026-09-07/source-snapshot/client/src/studio/StudioWorkspace.tsx:233 298–301；/Users/honor.pei/Documents/订单项目/乡墅爆款短视频复刻/outputs/copy-workshop-audit-2026-09-07/source-snapshot/client/src/studio/CreationPages.tsx:145 197–200
C18,文案条目标题/Vn/状态,展示 script 字段,saved-script 不持久化 confirmed；重载映射为 false,同一篇在本次会话可显示已确认，重登变草稿；需说明“重用需重新确认”，不能冒充历史终稿状态。/Users/honor.pei/Documents/订单项目/乡墅爆款短视频复刻/outputs/copy-workshop-audit-2026-09-07/source-snapshot/client/src/studio/live.ts:935 966–981
C19,点击文案条目,只替换 script,后端已返回 ip_id/source_project_id/source_kind，但前端映射舍弃,不切编辑页，也不恢复来源上下文；高优先级修复文本与项目串用。/Users/honor.pei/Documents/订单项目/乡墅爆款短视频复刻/outputs/copy-workshop-audit-2026-09-07/source-snapshot/client/src/studio/CreationPages.tsx:145 187；/Users/honor.pei/Documents/订单项目/乡墅爆款短视频复刻/outputs/copy-workshop-audit-2026-09-07/source-snapshot/client/src/studio/live.ts:935 984–1003
C20,自动保存,patchDraft 后 2 秒防抖,PUT drafts/copy；revision 服务端递增,正常链已实现；关闭会清除未执行定时器，没有关闭前 flush/持久本地兜底；无稳定保存状态。/Users/honor.pei/Documents/订单项目/乡墅爆款短视频复刻/outputs/copy-workshop-audit-2026-09-07/source-snapshot/client/src/studio/StudioWorkspace.tsx:233 233–315
C21,启动恢复,获取云草稿，再取我的文案,GET draft、GET saved-scripts,已实现；手动 patch 后不覆盖是优点；但草稿读取失败会使列表读取也不执行，错误静默。/Users/honor.pei/Documents/订单项目/乡墅爆款短视频复刻/outputs/copy-workshop-audit-2026-09-07/source-snapshot/client/src/studio/StudioWorkspace.tsx:233 296–309
C22,修改后需重新确认提示,固定提示＋patch 撤销确认,无须单独后端,正确的基础规则；来源仅变 sourceId 时未覆盖此规则。/Users/honor.pei/Documents/订单项目/乡墅爆款短视频复刻/outputs/copy-workshop-audit-2026-09-07/source-snapshot/client/src/studio/state.ts:76 130–165
C23,终稿同步项目,publishScriptVersion 读最新镜头卡后创建 script,项目访问/最新版本/stale 校验均有,后端拒绝旧镜头卡合理；问题在工坊把“确认口播稿”与“适配分镜脚本”混为一个软同步动作。/Users/honor.pei/Documents/订单项目/乡墅爆款短视频复刻/outputs/copy-workshop-audit-2026-09-07/source-snapshot/client/src/studio/live.ts:935 1006–1024；/Users/honor.pei/Documents/订单项目/乡墅爆款短视频复刻/outputs/copy-workshop-audit-2026-09-07/source-snapshot/server/app/generation.py:1062 1062–1139
C24,删除文案/放弃草稿,当前工坊无入口,DELETE draft 与 DELETE saved-script 路由已实现,后端有、前端未接。应决定是否开放，避免再造接口。/Users/honor.pei/Documents/订单项目/乡墅爆款短视频复刻/outputs/copy-workshop-audit-2026-09-07/source-snapshot/server/app/studio_draft_routes.py:40 59–92
C25,历史版本、比较、回滚,无,saved-scripts 同 ID 覆盖，不保留旧行内容,未实现，不能把 Vn 标签当历史版本能力。/Users/honor.pei/Documents/订单项目/乡墅爆款短视频复刻/outputs/copy-workshop-audit-2026-09-07/source-snapshot/server/app/studio_drafts.py:127 208–271
C26,文案搜索/翻页/排序,当前文案列表无此功能,后端固定按 created_at 倒序 LIMIT 50,第 51 条以后无法通过该列表查到；覆盖更新不改变 created_at，旧稿新改也不置顶。/Users/honor.pei/Documents/订单项目/乡墅爆款短视频复刻/outputs/copy-workshop-audit-2026-09-07/source-snapshot/server/app/studio_drafts.py:127 191–205、244
C27,改写/提取进度、失败重试与任务恢复,工坊无独立任务区,两类后端任务有状态与读取接口,任务存在不等于客户可发现、恢复；旧改写工作区恢复能力未迁移到 CopyPage。/Users/honor.pei/Documents/订单项目/乡墅爆款短视频复刻/outputs/copy-workshop-audit-2026-09-07/source-snapshot/client/src/useGenerationDrafts.ts:412；/Users/honor.pei/Documents/订单项目/乡墅爆款短视频复刻/outputs/copy-workshop-audit-2026-09-07/source-snapshot/server/app/generation_routes.py:139；/Users/honor.pei/Documents/订单项目/乡墅爆款短视频复刻/outputs/copy-workshop-audit-2026-09-07/source-snapshot/server/app/script_from_audio_routes.py:25
